2019,1,1,105.1,106.9,53.8,69.8,101.3,119.5,126.9,128.5,83.7,106.2,105.1,104.8,64.7,43.6,53.8,106.2,83.7,69.8,121.5,128.5,119.5,126.9
2019,1,2,75.9,31.5,82.4,118.2,97.7,27.5,44.2,33.7,78.5,105.3,75.9,76.7,81.1,54.5,82.4,105.3,78.5,118.2,97.6,33.7,27.5,44.2
2019,1,3,98.1,70.2,149.3,54.7,39.6,57.8,41.4,87.3,33.1,105.6,98.1,98.7,100.6,77.4,149.3,105.6,33.1,54.7,127,87.3,57.8,41.4
2019,1,4,35.3,69.9,150.7,44.4,40.2,63.8,106.1,134.2,108.2,103.3,35.3,35.4,140.8,119.4,150.7,103.3,108.2,44.4,133.7,134.2,63.8,106.1
2019,1,5,110.2,115.3,122.7,133.8,102.5,124.7,136.5,137.9,107.1,37.4,110.2,109.8,145.1,139.1,122.7,37.4,107.1,133.8,133.8,137.9,124.7,136.5
2019,1,6,102,107.9,75.9,135.6,128.2,120.8,136.4,132.4,73.5,62.7,102,101.7,142.8,135.1,75.9,62.7,73.5,135.6,115.1,132.4,120.8,136.4
2019,1,7,57.1,115,121.7,123.2,95.7,124.5,90.4,121.2,112.5,86.6,57.1,54.9,146.2,140.1,121.7,86.6,112.5,123.2,133.9,121.2,124.5,90.4
2019,1,8,111.7,113.4,151,135,104.4,123.4,131.3,132.3,113.1,86.4,111.7,111.4,97.4,91.7,151,86.4,113.1,135,129,132.3,123.4,131.3
2019,1,9,117.5,122.9,70,143.7,116.5,132.7,135.2,86.6,115.5,34.3,117.5,117.1,142.1,147.8,70,34.3,115.5,143.7,130.2,86.6,132.7,135.2
2019,1,10,116.2,121.6,92.6,143.7,135.2,129.1,137.2,44.6,41,106.9,116.2,115.8,152.6,147,92.6,106.9,41,143.7,118.1,44.6,129.1,137.2
2019,1,11,48.5,107.7,152.9,144.2,135.5,121.1,120.1,48.6,29.6,99.8,48.5,46.2,149.7,145.2,152.9,99.8,29.6,144.2,119.9,48.6,121.1,120.1
2019,1,12,40,47.5,140.9,70.6,55.8,40.6,121.8,132.2,33.6,72.1,40,39.9,74.1,64.6,140.9,72.1,33.6,70.6,127.4,132.2,40.6,121.8
2019,1,13,41.2,68.8,47.3,86.9,26.1,114.5,143.2,141.9,82.7,107.1,41.2,40.6,151.3,144.5,47.3,107.1,82.7,86.9,60,141.9,114.5,143.2
2019,1,14,68.1,73.8,115.2,88.4,51.6,100.6,142.7,107,68.8,53.8,68.1,68.1,148.9,113,115.2,53.8,68.8,88.4,132.7,107,100.6,142.7
2019,1,15,118.2,124.8,147.8,82,139,133.7,139.8,69.9,115.8,46.1,118.2,117.7,154,149.3,147.8,46.1,115.8,82,137.6,69.9,133.7,139.8
2019,1,16,118.4,125,155.3,147.7,140.1,133.2,91.7,43.8,116,58.8,118.4,118,154.5,150.1,155.3,58.8,116,147.7,137.4,43.8,133.2,91.7
2019,1,17,34,30.8,159,126.4,115.9,88.1,136.5,141,118,78.7,34,32.9,75.2,73.6,159,78.7,118,126.4,140.6,141,88.1,136.5
2019,1,18,115.8,113.7,147,85.1,91,125.1,124.1,100.4,102.8,74.9,115.8,116.1,136.4,136.6,147,74.9,102.8,85.1,136.3,100.4,125.1,124.1
2019,1,19,56.3,66.1,164,63.1,84.8,68.5,114.3,87.4,58.8,102.2,56.3,55.4,100.7,87.8,164,102.2,58.8,63.1,143.2,87.4,68.5,114.3
2019,1,20,119.3,128.6,167.5,79.3,82.3,137.5,152.3,149.5,122.9,95.8,119.3,118.7,144.7,144.1,167.5,95.8,122.9,79.3,142.1,149.5,137.5,152.3
2019,1,21,124.4,130,163.2,158.6,153.4,140.2,151.6,147,122.2,115.4,124.4,123.9,162.2,155.8,163.2,115.4,122.2,158.6,146,147,140.2,151.6
2019,1,22,72.8,126,165.2,156.3,150.1,93.7,104.6,117.5,53.3,118.6,72.8,72.3,157,148.9,165.2,118.6,53.3,156.3,114.9,117.5,93.7,104.6
2019,1,23,41.3,41.9,169.2,103.3,129.6,39.1,50.3,126.6,129.5,119.9,41.3,41.5,68.5,108.5,169.2,119.9,129.5,103.3,150.1,126.6,39.1,50.3
2019,1,24,129.4,135.8,172.2,117.1,65.2,145.6,156.1,153,67.8,122.8,129.4,128.8,168,161.2,172.2,122.8,67.8,117.1,149.7,153,145.6,156.1
2019,1,25,134.8,139.3,175.1,159.6,152.2,146.5,154.9,142.9,69,125.4,134.8,134.4,166.9,163,175.1,125.4,69,159.6,151.3,142.9,146.5,154.9
2019,1,26,117.3,91.4,174.8,161.8,157,95.7,90.1,106.5,119.3,125.2,117.3,119.2,169,162.8,174.8,125.2,119.3,161.8,150.2,106.5,95.7,90.1
2019,1,27,106.2,135.8,169.4,144.2,148.7,145.9,155.2,152.8,130.3,118.2,106.2,105.4,149.8,141,169.4,118.2,130.3,144.2,153.8,152.8,145.9,155.2
2019,1,28,83,132.5,173.8,156.3,132.1,146.3,154.7,153.3,84.8,107.7,83,83.9,168.3,163.3,173.8,107.7,84.8,156.3,152.3,153.3,146.3,154.7
2019,1,29,139.9,144.5,147.4,120,96.9,153,162.9,147.1,126.4,87.2,139.9,139.4,129,117.6,147.4,87.2,126.4,120,140.1,147.1,153,162.9
2019,1,30,103.4,120.7,87.8,162.1,162.9,141.2,131.3,107.2,137.4,124.2,103.4,103.5,117.4,152.8,87.8,124.2,137.4,162.1,157.3,107.2,141.2,131.3
2019,1,31,135.4,143.5,173.2,161.3,163.9,136.5,100.5,63.6,130.4,60,135.4,134.9,160.8,122.2,173.2,60,130.4,161.3,160.8,63.6,136.5,100.5
2019,2,1,36,70,147.8,164.4,97.8,145.3,87.8,127.9,139.5,128.5,36,36,114.8,156.3,147.8,128.5,139.5,164.4,154.7,127.9,145.3,87.8
2019,2,2,133.6,144.8,94.1,145.8,144.1,156.1,71.2,99.2,140,73.3,133.6,132.9,132.5,111.7,94.1,73.3,140,145.8,161.1,99.2,156.1,71.2
2019,2,3,133,141.3,78.2,65.9,143.3,154.8,65.3,118.6,141.8,87.3,133,132.4,169.8,156.3,78.2,87.3,141.8,65.9,158,118.6,154.8,65.3
2019,2,4,97.6,67.1,62.4,170.6,83.5,92,161.9,153.1,147.1,97,97.6,99.2,59.3,72.5,62.4,97,147.1,170.6,163.4,153.1,92,161.9
2019,2,5,103.6,129.8,123.8,158.3,155.2,142.1,121.4,156.9,126.2,103.8,103.6,103.2,160.5,162.3,123.8,103.8,126.2,158.3,117.6,156.9,142.1,121.4
2019,2,6,91,108.3,113.8,142.6,137.6,142.8,158.5,149.4,116.5,164.1,91,91.6,167.7,149.2,113.8,164.1,116.5,142.6,126.5,149.4,142.8,158.5
2019,2,7,85.5,138.9,189.6,166.4,140.1,156.6,140,101.6,146.6,164.6,85.5,84.2,170,166.9,189.6,164.6,146.6,166.4,178.5,101.6,156.6,140
2019,2,8,149.7,158.3,190.8,169.8,138.7,167.5,123.2,49.2,140,67.4,149.7,149,142.5,167.6,190.8,67.4,140,169.8,109.9,49.2,167.5,123.2
2019,2,9,150.1,149.4,167,99.8,136.4,143.9,46.5,33.5,86.4,134.8,150.1,149.3,94.3,85.5,167,134.8,86.4,99.8,115.7,33.5,143.9,46.5
2019,2,10,31.6,39.6,160.8,105.7,144.7,81.1,150.4,51.1,104.1,110.4,31.6,31.6,80.5,65.4,160.8,110.4,104.1,105.7,130.1,51.1,81.1,150.4
2019,2,11,70,62.7,194.2,72.9,33,67.6,91.5,79.4,102.7,177.4,70,70.6,114.2,98.5,194.2,177.4,102.7,72.9,167.2,79.4,67.6,91.5
2019,2,12,118.5,83.4,199.3,133.8,105.5,111.1,164.2,180.3,164.7,126,118.5,118.7,71.7,93.9,199.3,126,164.7,133.8,185.5,180.3,111.1,164.2
2019,2,13,152.7,166.1,166.5,185,174.5,179.2,188.2,183.1,161.8,53.6,152.7,151.5,196.9,190.9,166.5,53.6,161.8,185,171.4,183.1,179.2,188.2
2019,2,14,129.5,140.8,56.1,190.5,173.7,146.9,155.9,174,152.2,105,129.5,128.8,162.8,170.3,56.1,105,152.2,190.5,170.4,174,146.9,155.9
2019,2,15,87,88.9,135.9,155.2,165.5,78.5,156.5,173,99.5,134,87,86.4,65.7,82.1,135.9,134,99.5,155.2,178.5,173,78.5,156.5
2019,2,16,116.4,118.2,174.3,115.1,38.2,136.9,164.3,158.1,131.6,141.7,116.4,116.7,183,134.9,174.3,141.7,131.6,115.1,184.5,158.1,136.9,164.3
2019,2,17,61.3,91.5,152,73.8,91.1,95.6,44.8,173.6,171,112.2,61.3,61,173.3,152.2,152,112.2,171,73.8,188.9,173.6,95.6,44.8
2019,2,18,160.4,171.1,152.8,130.1,156.3,179.4,173.5,171.7,165.4,187.6,160.4,159.3,107,153.9,152.8,187.6,165.4,130.1,173.5,171.7,179.4,173.5
2019,2,19,93.1,53,101.2,45.1,175.7,54.9,95.8,74.9,69.8,193.3,93.1,95.3,70.7,60,101.2,193.3,69.8,45.1,113,74.9,54.9,95.8
2019,2,20,62.7,76.8,195.8,83,31.5,76.9,61.7,188.3,174.7,133.8,62.7,63.3,107.9,98.1,195.8,133.8,174.7,83,196.7,188.3,76.9,61.7
2019,2,21,108.8,55.7,64.2,102.5,52.7,62.5,66.9,68.1,140.5,148.7,108.8,109.8,156,114.1,64.2,148.7,140.5,102.5,189.1,68.1,62.5,66.9
2019,2,22,50.9,62.2,120.1,59.4,40.5,135.4,127.7,106.5,118.3,200.8,50.9,49.5,170.9,145.6,120.1,200.8,118.3,59.4,193.9,106.5,135.4,127.7
2019,2,23,86.7,130.2,212.6,125.9,40,143.7,118,178.5,168.9,181.6,86.7,82.8,183.8,189,212.6,181.6,168.9,125.9,199.4,178.5,143.7,118
2019,2,24,172.4,181.8,216.1,163.5,135.8,195.6,202.5,197.3,184.4,156,172.4,171.5,191.6,200.8,216.1,156,184.4,163.5,204,197.3,195.6,202.5
2019,2,25,175.5,186.8,210.8,215.9,202.8,184.6,123.6,162.7,179.9,170.6,175.5,174.6,209.4,210.4,210.8,170.6,179.9,215.9,201.7,162.7,184.6,123.6
2019,2,26,170.8,166.2,216.8,135.9,183.6,121.7,63.4,91,159.6,154.5,170.8,170,87.6,119.4,216.8,154.5,159.6,135.9,202.6,91,121.7,63.4
2019,2,27,70.5,87.5,159.6,124.8,53.3,103.2,136.1,176.8,128.7,104.3,70.5,70.3,190.3,149.8,159.6,104.3,128.7,124.8,177.7,176.8,103.2,136.1
2019,2,28,63.3,102.4,220.6,159,121.6,130.3,145.4,150.1,181.9,183,63.3,62.5,120.2,116.8,220.6,183,181.9,159,204.7,150.1,130.3,145.4
2019,3,1,166.9,139.2,209.1,130.6,55.8,156.7,163.8,173.1,161.9,122.1,166.9,167,139.9,168.1,209.1,122.1,161.9,130.6,195.8,173.1,156.7,163.8
2019,3,2,193.4,162.5,176.2,180.4,204.2,149.8,213,193.3,130.1,136.9,193.4,192.5,155.6,161.8,176.2,136.9,130.1,180.4,118.4,193.3,149.8,213
2019,3,3,82.9,65.3,228.5,103.9,70.1,78.6,112.6,114.7,71.2,99.2,82.9,81.8,135.3,121.1,228.5,99.2,71.2,103.9,191.9,114.7,78.6,112.6
2019,3,4,199.9,181.6,236.2,114.1,167.6,151.9,107.5,63.2,107.6,176.2,199.9,199.4,223.4,211.8,236.2,176.2,107.6,114.1,165.4,63.2,151.9,107.5
2019,3,5,217.7,227.8,239.1,91.5,131,222.4,213.4,202.5,202.1,77.1,217.7,217.1,233.8,232.5,239.1,77.1,202.1,91.5,212,202.5,222.4,213.4
2019,3,6,217.2,229.1,237.1,241,201.4,229.1,232.7,186.9,196.1,153.4,217.2,216.6,241.6,238,237.1,153.4,196.1,241,199.5,186.9,229.1,232.7
2019,3,7,106.9,171.2,221.5,229.8,224.5,135.7,86.3,141.8,192.4,162.1,106.9,105.7,228.7,229.1,221.5,162.1,192.4,229.8,198.1,141.8,135.7,86.3
2019,3,8,141.9,130.9,151.3,89.2,82.6,168.8,205.4,197.9,189.5,206.5,141.9,139.7,128.8,125.4,151.3,206.5,189.5,89.2,190.6,197.9,168.8,205.4
2019,3,9,106.6,133.9,241.7,102.2,111,167.4,176.4,178.4,201.3,151.9,106.6,110,197.9,202.7,241.7,151.9,201.3,102.2,223.3,178.4,167.4,176.4
2019,3,10,203.1,212.7,148.4,202.7,194.6,142.9,206.9,197,149.4,195,203.1,202.4,147.6,155.3,148.4,195,149.4,202.7,152.7,197,142.9,206.9
2019,3,11,165.9,108.9,161.7,129.6,186.1,78.1,206.9,160.8,82.5,239.4,165.9,166.9,115,79.8,161.7,239.4,82.5,129.6,168.2,160.8,78.1,206.9
2019,3,12,161.8,206.8,125.9,249.1,241.3,202.8,195.8,195.5,154.9,237.6,161.8,160.1,214.9,195.1,125.9,237.6,154.9,249.1,162.7,195.5,202.8,195.8
2019,3,13,190.8,194.7,140.7,211.4,228.1,212.8,196.2,153.7,182.8,248.3,190.8,190,208.6,190.1,140.7,248.3,182.8,211.4,219.4,153.7,212.8,196.2
2019,3,14,178.7,164.4,260.7,236.5,213.1,165.1,114.3,214.4,130,250.6,178.7,179.8,231.2,230.3,260.7,250.6,130,236.5,172.7,214.4,165.1,114.3
2019,3,15,175.1,207.1,248.6,171.2,176.9,219.2,198.1,151.1,218.6,249.7,175.1,175,88.3,121.9,248.6,249.7,218.6,171.2,231.6,151.1,219.2,198.1
2019,3,16,233.2,241.8,228.9,226.9,239.3,232.3,233.3,163.4,215.5,252.9,233.2,232.6,179.2,222.8,228.9,252.9,215.5,226.9,216.9,163.4,232.3,233.3
2019,3,17,230.6,242.8,256,246.7,241.7,241,216.1,200.4,216.3,252.8,230.6,230,219.4,234.6,256,252.8,216.3,246.7,230.4,200.4,241,216.1
2019,3,18,214,244.2,259.1,257.3,205.7,235.2,230.2,199.9,153.1,242.8,214,213.7,237.2,247.9,259.1,242.8,153.1,257.3,233.9,199.9,235.2,230.2
2019,3,19,236,247.9,261.4,254.2,242.5,249.2,185.8,164.9,215.1,218.7,236,235.3,254.5,254.9,261.4,218.7,215.1,254.2,233.2,164.9,249.2,185.8
2019,3,20,187.3,243.3,252,153.7,82.4,245.2,248.1,131.7,211.2,176.6,187.3,181.3,247.4,255.5,252,176.6,211.2,153.7,205.1,131.7,245.2,248.1
2019,3,21,221,215.6,212.5,209,149.8,241.4,252.4,229.5,224.6,180.3,221,220.6,250,250,212.5,180.3,224.6,209,175.8,229.5,241.4,252.4
2019,3,22,241.2,252.7,270.7,264.8,233.1,252.4,253.3,227.3,218.6,142,241.2,240.6,263.5,262.1,270.7,142,218.6,264.8,224.3,227.3,252.4,253.3
2019,3,23,238.4,253.7,260.5,272,263,249.7,240.2,188.7,162.9,131.6,238.4,237.8,263.3,263.7,260.5,131.6,162.9,272,241.7,188.7,249.7,240.2
2019,3,24,95,209.5,274.1,268.1,253.5,244.9,216.7,225.9,206.3,257.7,95,94.9,256.7,257.5,274.1,257.7,206.3,268.1,237.9,225.9,244.9,216.7
2019,3,25,194.6,180.6,276.3,202.2,213,203.6,204.9,193.5,166.3,216.1,194.6,193.1,244.1,218.1,276.3,216.1,166.3,202.2,243.5,193.5,203.6,204.9
2019,3,26,245.5,248,257.3,129.6,222.7,191,220.9,218.4,210.3,248.2,245.5,245,218.2,242.5,257.3,248.2,210.3,129.6,240.5,218.4,191,220.9
2019,3,27,250.5,243.9,235.1,279.7,271.4,250.9,262.5,234.3,209.8,206.9,250.5,250.1,235.8,264.6,235.1,206.9,209.8,279.7,235.3,234.3,250.9,262.5
2019,3,28,237.4,257.2,271.8,276.1,268.1,253,255.2,213.2,199.1,260.3,237.4,237.4,267.8,260.2,271.8,260.3,199.1,276.1,212.8,213.2,253,255.2
2019,3,29,144.6,226,284.3,273.3,265.2,244.4,186.6,206.6,194.7,275,144.6,146.8,263.4,255.4,284.3,275,194.7,273.3,252.8,206.6,244.4,186.6
2019,3,30,158,191.1,278.2,236.8,224.2,193,193.9,168.5,110.3,275.1,158,158.3,225.9,247.1,278.2,275.1,110.3,236.8,233,168.5,193,193.9
2019,3,31,209.5,251.5,285.7,204.7,181.5,221.3,193.6,179,242.9,278.2,209.5,208.6,152.6,212.3,285.7,278.2,242.9,204.7,213.1,179,221.3,193.6
2019,4,1,238.5,198.1,280.6,289,278.8,252.5,166.9,138.1,209.1,205.8,238.5,238.4,266.9,268.8,280.6,205.8,209.1,289,235.7,138.1,252.5,166.9
2019,4,2,261.3,259.7,288,85.7,88.2,268.6,269.1,260.7,234.7,232.5,261.3,260.9,273.1,251.9,288,232.5,234.7,85.7,241.7,260.7,268.6,269.1
2019,4,3,236.6,258.4,303.2,285.2,278.3,264.2,257.5,130,141,256.7,236.6,233.7,266.9,273.6,303.2,256.7,141,285.2,258,130,264.2,257.5
2019,4,4,81.1,182,283.2,281.2,233.7,99.1,146.4,238.6,230,211.6,81.1,80.2,129.6,199.3,283.2,211.6,230,281.2,266.8,238.6,99.1,146.4
2019,4,5,243.5,216.6,251.6,126.5,114.7,258.2,228.7,239.7,248.8,184.8,243.5,242.9,154.9,196.2,251.6,184.8,248.8,126.5,242.1,239.7,258.2,228.7
2019,4,6,258,256.8,247.5,249.1,109.3,195.4,187.1,142,195.9,248.6,258,257.6,202.2,229.7,247.5,248.6,195.9,249.1,264.9,142,195.4,187.1
2019,4,7,133.9,218.3,305.4,196.8,273.2,232.9,166.9,123.1,252,274.3,133.9,135,258.2,252.8,305.4,274.3,252,196.8,268.7,123.1,232.9,166.9
2019,4,8,195.5,130.5,309,259.8,254.1,148.2,171.1,252.4,259.3,268.9,195.5,198.1,155.5,193.8,309,268.9,259.3,259.8,267.6,252.4,148.2,171.1
2019,4,9,263.3,218.7,308.2,187.2,204.9,204.7,268.2,264,257.6,301,263.3,263.2,177.2,203.7,308.2,301,257.6,187.2,273,264,204.7,268.2
2019,4,10,267,266.9,317.1,281.1,286.4,273.1,269.7,265.2,251.3,307.5,267,266.6,274.2,277.8,317.1,307.5,251.3,281.1,271.6,265.2,273.1,269.7
2019,4,11,252.5,259.9,317.6,267.9,281.1,269.9,263.7,249.4,264.6,270.8,252.5,251.8,275.1,268.4,317.6,270.8,264.6,267.9,245.7,249.4,269.9,263.7
2019,4,12,243.6,175.7,239.3,165.1,247.2,173.1,200.2,238.6,255.5,303.6,243.6,245.2,253.8,261.6,239.3,303.6,255.5,165.1,245.2,238.6,173.1,200.2
2019,4,13,77,117.4,312,202.1,130.1,190.4,160,189.8,146.8,301.4,77,77.6,234.7,227,312,301.4,146.8,202.1,146,189.8,190.4,160
2019,4,14,144.4,208.2,319.7,224.6,173.7,220.7,254.6,274.2,272.2,305.3,144.4,142.2,264.8,250.4,319.7,305.3,272.2,224.6,277.5,274.2,220.7,254.6
2019,4,15,276.3,276.7,277.9,299.8,287.5,279.8,281.6,269.2,268.2,239.2,276.3,275.9,291.3,293.2,277.9,239.2,268.2,299.8,281.2,269.2,279.8,281.6
2019,4,16,275.9,277.1,316.6,305.5,298.5,284.5,279.6,240.9,237.7,220.6,275.9,275.6,291.2,293.4,316.6,220.6,237.7,305.5,242.4,240.9,284.5,279.6
2019,4,17,247.2,246.4,266.8,280.4,290.3,260.6,248,217.5,226.4,310.9,247.2,247.3,278.7,275.2,266.8,310.9,226.4,280.4,278.5,217.5,260.6,248
2019,4,18,171.3,259.2,325,283.6,277.9,217.2,141.8,228.9,265.4,311.3,171.3,169.8,267.3,279,325,311.3,265.4,283.6,279.1,228.9,217.2,141.8
2019,4,19,59.8,121.2,329.8,181.1,188.4,139.4,223.8,279.9,271.1,268.2,59.8,60.2,220.9,187.1,329.8,268.2,271.1,181.1,287.4,279.9,139.4,223.8
2019,4,20,287.7,137.7,325,219.2,284.6,292.3,292.1,278.1,275.5,270.2,287.7,287.5,295.3,201.5,325,270.2,275.5,219.2,288.3,278.1,292.3,292.1
2019,4,21,286.2,286.9,326.7,245.5,204.3,291.5,287.2,274,269.5,315.1,286.2,285.8,299.2,302.2,326.7,315.1,269.5,245.5,289.4,274,291.5,287.2
2019,4,22,276,282.5,325.6,306.2,292.8,290.2,287.4,257,260.2,319.7,276,274.4,297.2,298.9,325.6,319.7,260.2,306.2,234.2,257,290.2,287.4
2019,4,23,218.9,262.9,308.2,303.6,300.3,254,213.7,227.5,89.9,318.8,218.9,218.6,285.3,290.2,308.2,318.8,89.9,303.6,249.9,227.5,254,213.7
2019,4,24,266.7,236.2,325.6,221.6,259.1,253.4,222.6,139.2,211.2,316.2,266.7,264.9,171.2,190,325.6,316.2,211.2,221.6,272.5,139.2,253.4,222.6
2019,4,25,201.1,175.4,327.5,265.1,234.8,154.6,212.4,277.2,278.4,314.5,201.1,195.4,198.1,195.3,327.5,314.5,278.4,265.1,288.9,277.2,154.6,212.4
2019,4,26,293.4,289,327.1,208.4,148.6,297.3,292,277.5,217.7,318.3,293.4,293.1,298.2,301.3,327.1,318.3,217.7,208.4,267.6,277.5,297.3,292
2019,4,27,161,218.5,332.9,316.3,313.4,295.2,291.8,280.1,263.9,319.7,161,160.7,302.2,306.6,332.9,319.7,263.9,316.3,290.7,280.1,295.2,291.8
2019,4,28,290.4,273.8,327.9,213,241.8,281.5,291,278.3,277.6,316.6,290.4,290.4,296.2,290.2,327.9,316.6,277.6,213,288.4,278.3,281.5,291
2019,4,29,181.4,284.4,155.3,293.9,240,295.5,279,250.4,255.5,325.8,181.4,178.1,302.2,301.3,155.3,325.8,255.5,293.9,198.8,250.4,295.5,279
2019,4,30,272.8,276.9,331.7,310.2,301.4,280.7,221.8,257.5,142.8,324.2,272.8,272.6,293.6,294.9,331.7,324.2,142.8,310.2,248.3,257.5,280.7,221.8
2019,5,1,246.7,312.4,340.4,325.8,296.7,299.3,313.2,255.6,283.4,333.6,246.7,246.3,310.2,301.9,340.4,333.6,283.4,325.8,309.8,255.6,299.3,313.2
2019,5,2,284.5,278.6,323.9,327.5,297.1,321.2,261.4,252.3,281.3,348,284.5,282.2,305.3,317.2,323.9,348,281.3,327.5,302.4,252.3,321.2,261.4
2019,5,3,293.5,313.2,341.1,209.3,294.1,235.1,200.1,194.3,154,330.3,293.5,292.3,263.7,278.1,341.1,330.3,154,209.3,264.2,194.3,235.1,200.1
2019,5,4,115.1,202.6,340.4,302.4,274.3,208.7,189.3,248.1,299.5,320.8,115.1,117.3,200.1,222.3,340.4,320.8,299.5,302.4,306.2,248.1,208.7,189.3
2019,5,5,316.7,314.8,342.5,244.8,152.2,328.4,324.9,299.1,276.9,334.5,316.7,316.1,308.3,239.5,342.5,334.5,276.9,244.8,303.8,299.1,328.4,324.9
2019,5,6,273.5,329.5,338.6,326.8,260.4,334.5,325.9,289.2,265.6,341.2,273.5,269.6,325.4,334.2,338.6,341.2,265.6,326.8,305.7,289.2,334.5,325.9
2019,5,7,315.3,321.1,334.9,271,294.9,320.2,235.3,221,249.8,346.7,315.3,314.9,322.4,324.7,334.9,346.7,249.8,271,291.6,221,320.2,235.3
2019,5,8,319.9,323.3,309,304.1,217.4,330.1,248.2,191.1,249.6,345.5,319.9,319.5,313.8,316,309,345.5,249.6,304.1,318,191.1,330.1,248.2
2019,5,9,216.5,196.9,308.2,222.8,285,192.4,173.4,263.9,150.5,340.1,216.5,217.4,289,230.7,308.2,340.1,150.5,222.8,279.9,263.9,192.4,173.4
2019,5,10,244.1,305.9,226.4,211.9,241.5,234.6,222.8,225.9,247.6,301,244.1,240.7,271.9,304.8,226.4,301,247.6,211.9,97.4,225.9,234.6,222.8
2019,5,11,208.3,209.7,322.7,286.6,230,214.6,204.8,157.2,95.8,349.6,208.3,210.3,220.3,260,322.7,349.6,95.8,286.6,257.3,157.2,214.6,204.8
2019,5,12,183.8,204.3,289.2,207.3,206.4,182.9,238.1,302.1,292.4,353,183.8,182.3,188.6,180.7,289.2,353,292.4,207.3,304.8,302.1,182.9,238.1
2019,5,13,303.8,325.5,342.1,283.4,211.2,335.5,330.7,304.5,299.6,350.5,303.8,303.4,323.7,334.8,342.1,350.5,299.6,283.4,308.9,304.5,335.5,330.7
2019,5,14,325.4,324.3,340.4,347,243.2,280.2,331,262.2,229.2,317,325.4,325.5,330.1,343.4,340.4,317,229.2,347,318.2,262.2,280.2,331
2019,5,15,196.4,203.5,338.7,347.8,320.8,327.5,327.1,247.4,300.1,145.1,196.4,196.7,324.6,333.5,338.7,145.1,300.1,347.8,317.5,247.4,327.5,327.1
2019,5,16,322,300.9,343.8,316.2,317.5,330.6,326,271.9,307.7,272.3,322,321.7,317.7,288,343.8,272.3,307.7,316.2,317.1,271.9,330.6,326
2019,5,17,323.5,282.4,348.4,337.6,278.2,329.2,331.1,285.3,291,269.8,323.5,322.9,322.8,254.1,348.4,269.8,291,337.6,312.1,285.3,329.2,331.1
2019,5,18,329.6,329.6,354.1,338.6,309,332.6,236.7,284,187.2,183.7,329.6,329.2,326.2,329.2,354.1,183.7,187.2,338.6,326.1,284,332.6,236.7
2019,5,19,218.8,286,308.2,339.7,306.4,284.8,245.8,285.8,313.3,251,218.8,218.5,313.1,332.6,308.2,251,313.3,339.7,325.9,285.8,284.8,245.8
2019,5,20,326.1,333.4,276,320.3,313.5,289.8,293.1,302.6,148.5,323.6,326.1,325.9,306.2,298.9,276,323.6,148.5,320.3,274.4,302.6,289.8,293.1
2019,5,21,305.6,326.9,357.3,306.5,319.9,330.5,328.4,260.7,262.7,240.7,305.6,304.3,326.8,321.6,357.3,240.7,262.7,306.5,330.6,260.7,330.5,328.4
2019,5,22,291.2,333.2,355,316.2,322,325.2,327.8,301.8,287.3,307.7,291.2,288.6,326.8,338.6,355,307.7,287.3,316.2,327.3,301.8,325.2,327.8
2019,5,23,325.7,329.7,314.8,329.7,284.5,338.5,327.4,306.5,291.9,246,325.7,325.4,319.2,321.9,314.8,246,291.9,329.7,307.3,306.5,338.5,327.4
2019,5,24,214,321.5,360.3,341.1,316.6,337,323.9,306.7,232.6,355.9,214,207.5,323.1,332.8,360.3,355.9,232.6,341.1,234.4,306.7,337,323.9
2019,5,25,306.4,334.5,355.8,321.6,218.3,337.6,327.2,291.2,276.6,362.6,306.4,306.4,329.8,337.3,355.8,362.6,276.6,321.6,254.9,291.2,337.6,327.2
2019,5,26,296.2,335.4,354.9,341.5,308.8,338.6,331.2,311,269.9,231,296.2,291.7,322.2,335.2,354.9,231,269.9,341.5,271,311,338.6,331.2
2019,5,27,328.3,331.5,358.4,344.2,270.8,339.6,290.2,243.6,307.6,295.2,328.3,328.1,331,336.6,358.4,295.2,307.6,344.2,324.7,243.6,339.6,290.2
2019,5,28,329.2,335.4,353.4,344.8,313.9,338.5,328.2,291.5,288.8,323.5,329.2,328.9,331.9,342.8,353.4,323.5,288.8,344.8,331.7,291.5,338.5,328.2
2019,5,29,305.8,337.2,360.3,343.8,317.2,341.3,334.4,298.9,210.1,359.3,305.8,303.3,330.8,339.8,360.3,359.3,210.1,343.8,310.1,298.9,341.3,334.4
2019,5,30,210.7,298.2,360.1,328.6,314.3,288.9,291.8,223.4,319.6,360.2,210.7,210.2,295.9,318.9,360.1,360.2,319.6,328.6,322.7,223.4,288.9,291.8
2019,5,31,336.3,341.2,354.5,284.7,256.9,343,312.7,206.1,315.3,344.2,336.3,335.8,230.5,301.5,354.5,344.2,315.3,284.7,317,206.1,343,312.7
2019,6,1,340.1,323.7,343.5,356.5,268.7,358.5,361.9,352,285.6,352.2,340.1,339.4,286.7,352.9,343.5,352.2,285.6,356.5,310.7,352,358.5,361.9
2019,6,2,327.8,306.5,343.9,351.3,330.9,355.1,359.3,344.3,286.6,347.9,327.8,326.6,333.6,355.5,343.9,347.9,286.6,351.3,299.9,344.3,355.1,359.3
2019,6,3,346.5,342.6,345.8,346.2,333.4,359,339.4,325,271.5,350.9,346.5,346.4,340.8,355.4,345.8,350.9,271.5,346.2,310.1,325,359,339.4
2019,6,4,210.3,329.9,346.2,191.8,332,343.1,290.7,277.8,284.3,351,210.3,209.9,333.1,351.4,346.2,351,284.3,191.8,314.2,277.8,343.1,290.7
2019,6,5,292,196.4,347,231,262.9,210,170.6,212.7,282.8,350.6,292,296.8,250.1,206.7,347,350.6,282.8,231,312.1,212.7,210,170.6
2019,6,6,192.5,175.4,346.9,124,288.7,239.6,256.1,331.1,156.9,354.7,192.5,196,185.7,93.4,346.9,354.7,156.9,124,310.1,331.1,239.6,256.1
2019,6,7,228.3,222.4,338.3,182.9,199.3,261.1,291.2,360.6,257.1,364.8,228.3,228.4,228.9,196.5,338.3,364.8,257.1,182.9,321.9,360.6,261.1,291.2
2019,6,8,202.9,183.3,357,224,223.1,210.5,323.3,361.8,311.7,365.9,202.9,203,226.9,240.4,357,365.9,311.7,224,320.4,361.8,210.5,323.3
2019,6,9,228.6,200.9,349.2,172.9,182,198.5,364.3,354.7,209.3,356.4,228.6,235.4,191.9,221.9,349.2,356.4,209.3,172.9,319.9,354.7,198.5,364.3
2019,6,10,342.2,263.6,340.3,203.8,206.7,309.8,331.3,251.5,320.4,337.6,342.2,342.7,157.7,196.2,340.3,337.6,320.4,203.8,224.7,251.5,309.8,331.3
2019,6,11,328.4,330.7,345.3,193.7,265.4,336.8,329.3,255.4,316.2,336,328.4,328.6,305.5,324.2,345.3,336,316.2,193.7,319.5,255.4,336.8,329.3
2019,6,12,343.7,260.4,347.6,160,212.1,331.8,368.9,362.5,301.3,351.1,343.7,344.7,315.7,245.1,347.6,351.1,301.3,160,322.5,362.5,331.8,368.9
2019,6,13,356.9,350.5,322.8,308.8,292.6,367.9,370.3,364.1,271.6,354.5,356.9,356.8,347.5,363.7,322.8,354.5,271.6,308.8,320.2,364.1,367.9,370.3
2019,6,14,353.1,351.7,356.7,373.1,348.4,371,365,341.4,271.5,359.4,353.1,352.7,347.4,367.1,356.7,359.4,271.5,373.1,304.1,341.4,371,365
2019,6,15,300.5,229.6,354.6,360.5,344.7,249.5,309.5,306.4,268.1,351.2,300.5,301.1,293.7,337.3,354.6,351.2,268.1,360.5,320.1,306.4,249.5,309.5
2019,6,16,272.5,290.6,344.2,334.5,326.9,339.9,266.9,230.1,195.1,361.1,272.5,267.7,289.4,307.5,344.2,361.1,195.1,334.5,307.3,230.1,339.9,266.9
2019,6,17,223.7,241.1,347.8,252.1,294.3,269.2,281.1,343.2,273.6,355.4,223.7,223.3,257.6,282.6,347.8,355.4,273.6,252.1,321,343.2,269.2,281.1
2019,6,18,221.5,206.6,351,292.1,284.8,220,308.7,334.9,290.3,354.2,221.5,226.1,198.1,215,351,354.2,290.3,292.1,321.1,334.9,220,308.7
2019,6,19,242.2,226.8,355.4,232.8,213.5,280.8,338,359.4,293.2,355.4,242.2,240.4,272.6,269.8,355.4,355.4,293.2,232.8,325.1,359.4,280.8,338
2019,6,20,255,223,357.7,285.6,294.4,310.2,356.8,360.1,310.9,357,255,255.8,297.9,280,357.7,357,310.9,285.6,331,360.1,310.2,356.8
2019,6,21,314.4,298.7,355.7,354.1,334,352.6,339.4,325.9,307,360.9,314.4,314.4,328.5,305.8,355.7,360.9,307,354.1,327.8,325.9,352.6,339.4
2019,6,22,269.4,260.3,353,325,295.4,355,312.2,312.7,286.7,364.3,269.4,265.3,316.3,331.4,353,364.3,286.7,325,321.5,312.7,355,312.2
2019,6,23,279.7,311.4,354.1,285.5,341.1,338,293.4,315.9,268.4,361.5,279.7,276.4,338.5,348.8,354.1,361.5,268.4,285.5,327.4,315.9,338,293.4
2019,6,24,303.4,282.1,357.5,353.1,314,306.3,302.9,272.6,316.1,350.5,303.4,303.8,295.4,321.4,357.5,350.5,316.1,353.1,317.2,272.6,306.3,302.9
2019,6,25,343,319.6,355.3,355.4,300.4,328.2,239.9,343,310,356.8,343,343.5,337.4,353.4,355.3,356.8,310,355.4,324.3,343,328.2,239.9
2019,6,26,262.8,253.1,343.8,326.6,333.4,243.4,216.5,210.5,309.8,353.2,262.8,261.2,219.9,213,343.8,353.2,309.8,326.6,322.2,210.5,243.4,216.5
2019,6,27,245.6,291.2,344.8,293.4,307.1,272.2,324,299.1,309.1,352.5,245.6,250.9,329.4,352.1,344.8,352.5,309.1,293.4,321.6,299.1,272.2,324
2019,6,28,275.6,312.7,341.1,353.4,298.5,312.7,315.5,345.3,309.6,344.9,275.6,272.3,282.3,316.5,341.1,344.9,309.6,353.4,322,345.3,312.7,315.5
2019,6,29,327.7,295,321.7,345.5,327.2,303.4,264.2,319.1,306.7,356.3,327.7,328.2,241.9,244.3,321.7,356.3,306.7,345.5,324,319.1,303.4,264.2
2019,6,30,309.5,243.5,332,333,313.3,265.6,284.4,273.4,311.3,364.7,309.5,312.2,263.8,275.3,332,364.7,311.3,333,323.9,273.4,265.6,284.4
2019,7,1,331.6,351.1,329.1,389.7,358.2,341.1,320,272.8,318.9,365.5,331.6,331.7,293.3,355.7,329.1,365.5,318.9,389.7,337.3,272.8,341.1,320
2019,7,2,252.1,322.8,332.9,368.6,358.7,376.9,303.6,282.5,255,346.8,252.1,248.6,264.4,336.9,332.9,346.8,255,368.6,290.2,282.5,376.9,303.6
2019,7,3,239.2,294.9,335.3,329.7,327,229.3,283.2,254.2,237.7,359.3,239.2,240.6,261.7,239,335.3,359.3,237.7,329.7,328.4,254.2,229.3,283.2
2019,7,4,247.7,265.4,336.5,229.3,223.7,265.6,304.2,359.1,318.4,363.3,247.7,247.2,291.1,269.1,336.5,363.3,318.4,229.3,337.6,359.1,265.6,304.2
2019,7,5,280,253.3,329.7,254.6,215.8,317.6,372.5,361.7,309.1,361.4,280,283.5,313.7,306.9,329.7,361.4,309.1,254.6,334.3,361.7,317.6,372.5
2019,7,6,321.5,334.7,184.3,249,246.9,381.9,377.2,361.2,251,345,321.5,320,363.7,383.6,184.3,345,251,249,286.4,361.2,381.9,377.2
2019,7,7,233,223,283.8,226.2,224,326.1,374.5,358.1,301.2,351.6,233,230.1,346.4,311.6,283.8,351.6,301.2,226.2,301.1,358.1,326.1,374.5
2019,7,8,256,327.2,313.7,272.2,232,278.3,351.8,323.5,267.9,359.2,256,254,281.4,247.3,313.7,359.2,267.9,272.2,329.1,323.5,278.3,351.8
2019,7,9,261.4,337.3,329.8,285.9,271.6,342.9,349.5,356.9,323.2,358.4,261.4,260,258.3,270.1,329.8,358.4,323.2,285.9,340.9,356.9,342.9,349.5
2019,7,10,253.8,347,315.2,298.5,325,341.4,316.7,358.6,324.2,353.8,253.8,252,285.8,279.5,315.2,353.8,324.2,298.5,320.8,358.6,341.4,316.7
2019,7,11,334.6,265.3,284.3,279.9,166.8,275.3,335.4,327.8,333.1,353.7,334.6,338.2,291.4,290,284.3,353.7,333.1,279.9,330.7,327.8,275.3,335.4
2019,7,12,313.5,251.6,310.6,269.1,283.2,340.3,323.7,363,334.4,352.6,313.5,315.7,202.8,277.8,310.6,352.6,334.4,269.1,333.3,363,340.3,323.7
2019,7,13,279.8,271.8,320.4,269.1,330.4,306.4,131.2,303.4,330.3,353.2,279.8,279.5,165.9,226.9,320.4,353.2,330.3,269.1,330.2,303.4,306.4,131.2
2019,7,14,167.7,297,295.6,367.7,342.3,187.5,127.6,318.1,303,352.8,167.7,166.5,275.2,311,295.6,352.8,303,367.7,332.8,318.1,187.5,127.6
2019,7,15,81.3,171.3,314.5,320.5,339.2,174.6,187.6,246.4,326.8,356.7,81.3,80.4,317.2,331.3,314.5,356.7,326.8,320.5,328.3,246.4,174.6,187.6
2019,7,16,164.9,302.5,295.5,324.3,216.9,280.8,301.2,321,321,352.5,164.9,159.9,353.2,360,295.5,352.5,321,324.3,324.4,321,280.8,301.2
2019,7,17,318,235.2,313.2,330,335.7,305.3,318.1,304,323.4,351.4,318,316.6,324.6,340,313.2,351.4,323.4,330,327.9,304,305.3,318.1
2019,7,18,273.2,278.8,315,343.4,303.3,313.2,353.4,304.4,324.2,349.7,273.2,273.1,286.8,280.3,315,349.7,324.2,343.4,327.6,304.4,313.2,353.4
2019,7,19,345.7,251.5,319.7,321.4,310.9,316.4,318.2,303.6,324.9,349.1,345.7,346.7,269.1,199.3,319.7,349.1,324.9,321.4,330.5,303.6,316.4,318.2
2019,7,20,317.1,232.5,301.6,327.7,338.5,192,328.3,338.5,324.8,348.9,317.1,316.5,267.5,252.2,301.6,348.9,324.8,327.7,329.7,338.5,192,328.3
2019,7,21,265.4,257.2,317.4,367.5,344.3,263.8,302.4,345.8,317.4,333,265.4,269.7,262,286.3,317.4,333,317.4,367.5,327.5,345.8,263.8,302.4
2019,7,22,185.7,276.5,292.3,355.8,346.7,323.7,247.7,347.7,322.8,340.7,185.7,187,278.8,300.4,292.3,340.7,322.8,355.8,312.3,347.7,323.7,247.7
2019,7,23,362.4,352.5,297.1,212.8,167.8,322.5,273.1,297,333.6,333.2,362.4,362.2,210.1,222.3,297.1,333.2,333.6,212.8,327.5,297,322.5,273.1
2019,7,24,355,368.9,313.5,351.7,344.5,397.5,377.3,353.2,329.7,338.8,355,354.7,355.7,368.3,313.5,338.8,329.7,351.7,330.2,353.2,397.5,377.3
2019,7,25,359,367.7,304.5,386.4,348.2,397.3,372.8,363.3,322.6,305.8,359,358.7,337.2,372.7,304.5,305.8,322.6,386.4,326.9,363.3,397.3,372.8
2019,7,26,350.1,362.4,293.6,374.7,348,386.2,355.6,349.2,267,341.4,350.1,349.7,359.8,380.6,293.6,341.4,267,374.7,325.9,349.2,386.2,355.6
2019,7,27,305.4,358.9,296.1,377.9,350.1,350,211.3,298.9,322.5,348.5,305.4,304.2,350.4,366.5,296.1,348.5,322.5,377.9,287.6,298.9,350,211.3
2019,7,28,333.4,359.8,312.4,375.3,347.7,383.1,250.4,247.4,217.4,347.9,333.4,332.5,314.5,356.8,312.4,347.9,217.4,375.3,288,247.4,383.1,250.4
2019,7,29,317.7,332.1,299.2,380.1,343.7,365.4,290.5,306,309,337.9,317.7,314.7,317.8,326.8,299.2,337.9,309,380.1,301.7,306,365.4,290.5
2019,7,30,180.4,235,287.9,358.4,341.1,266.9,213.9,323.3,316.7,345.5,180.4,181.1,342.5,346.3,287.9,345.5,316.7,358.4,322.4,323.3,266.9,213.9
2019,7,31,269.6,252.9,288.9,341.8,303.2,285,342.8,337.3,312.5,343.9,269.6,273.8,326.6,334.1,288.9,343.9,312.5,341.8,315.6,337.3,285,342.8
2019,8,1,330.8,199.8,309.7,277,299,259.3,242.1,312.6,162.6,342.6,330.8,331.9,257.5,272.5,309.7,342.6,162.6,277,311.3,312.6,259.3,242.1
2019,8,2,324.6,213.3,296.7,282.5,204.1,243.5,209.7,316.4,206.2,336.2,324.6,325.2,272.7,267.6,296.7,336.2,206.2,282.5,311.1,316.4,243.5,209.7
2019,8,3,292.7,236.9,290.7,249.8,247,237.7,287.9,234.9,163.4,313.5,292.7,290.7,220.8,223.9,290.7,313.5,163.4,249.8,288,234.9,237.7,287.9
2019,8,4,253.7,290.1,294,215.7,246.4,206.2,206,214,236.7,329.1,253.7,251.9,257.3,239.5,294,329.1,236.7,215.7,315.8,214,206.2,206
2019,8,5,324.5,319.8,284.6,255.9,191.9,256,173.8,251.3,301.4,302.2,324.5,324.4,226.7,198.3,284.6,302.2,301.4,255.9,310.5,251.3,256,173.8
2019,8,6,272.9,299.1,256.2,260.4,290.5,283.4,247.9,296.6,304.5,278.8,272.9,273.9,271.4,291.6,256.2,278.8,304.5,260.4,275.4,296.6,283.4,247.9
2019,8,7,277.5,301.9,296.5,275.5,214.9,268.1,243.6,320.6,304.6,294.9,277.5,274.2,234.7,287.9,296.5,294.9,304.6,275.5,299,320.6,268.1,243.6
2019,8,8,280.1,233,298.7,352.3,284.7,265.3,299.1,310.4,185.5,331.5,280.1,284.4,236.3,247.3,298.7,331.5,185.5,352.3,300.5,310.4,265.3,299.1
2019,8,9,245.2,229,296.3,353,312.1,222.3,261.4,325.8,214.8,326.6,245.2,241.2,255.9,319.1,296.3,326.6,214.8,353,305.5,325.8,222.3,261.4
2019,8,10,275.6,181.6,283.1,321.3,261.7,186.7,298.6,325.8,291,323.3,275.6,281.6,200.3,242.8,283.1,323.3,291,321.3,305.3,325.8,186.7,298.6
2019,8,11,307.2,322.6,297.8,261.8,277.9,276.3,332.4,323.6,304.8,327.8,307.2,306.4,238.9,199.4,297.8,327.8,304.8,261.8,304.1,323.6,276.3,332.4
2019,8,12,312.7,314.5,304.1,274.9,284.2,313.2,321.3,322.2,304.2,327.8,312.7,312.8,176,268.1,304.1,327.8,304.2,274.9,302.9,322.2,313.2,321.3
2019,8,13,310.6,295.5,306.4,244.7,250.2,285.8,300,318.1,263.8,325.2,310.6,310.4,271,316.9,306.4,325.2,263.8,244.7,302.4,318.1,285.8,300
2019,8,14,314.6,285.9,299.4,221.5,219.9,204.2,198.3,289.3,278.9,323.9,314.6,315.3,268.3,277.2,299.4,323.9,278.9,221.5,300.9,289.3,204.2,198.3
2019,8,15,321.4,329.5,282,225.6,202.8,336.4,240.7,243.2,295.6,322.6,321.4,321.6,278.5,338.6,282,322.6,295.6,225.6,298.9,243.2,336.4,240.7
2019,8,16,319.1,330,307.5,215.8,202.8,336.4,335.3,287.2,295.3,322.8,319.1,319,336.3,346.3,307.5,322.8,295.3,215.8,301.2,287.2,336.4,335.3
2019,8,17,316.7,326,302.5,193,235.3,332.6,270.1,284.9,272.8,318.8,316.7,316.7,303.3,342.8,302.5,318.8,272.8,193,298.4,284.9,332.6,270.1
2019,8,18,313.8,322.8,296.4,304.9,279.6,299.4,252.8,275.5,264.7,316.4,313.8,314,257.5,303.2,296.4,316.4,264.7,304.9,297.1,275.5,299.4,252.8
2019,8,19,281.2,263.1,299.2,248.3,273.1,194.2,232.7,270.6,292.9,314.8,281.2,281.6,190.5,258.3,299.2,314.8,292.9,248.3,297.4,270.6,194.2,232.7
2019,8,20,299.8,309.5,273.8,268,200.8,293.8,216.3,259.9,286,313.5,299.8,299.2,224.5,288.3,273.8,313.5,286,268,295.5,259.9,293.8,216.3
2019,8,21,277.6,308.5,272.1,196.8,208.4,264.6,205.4,258.4,290.8,314.3,277.6,276.2,278,282.6,272.1,314.3,290.8,196.8,294.2,258.4,264.6,205.4
2019,8,22,169.5,240.9,297,296.2,280.8,201.7,215.4,248.1,236.7,303.3,169.5,167.7,296.5,279.7,297,303.3,236.7,296.2,287.1,248.1,201.7,215.4
2019,8,23,212,199.3,278.6,226.9,214.9,219.2,272.7,259.8,209.8,304.1,212,212.1,276.7,275.7,278.6,304.1,209.8,226.9,285.6,259.8,219.2,272.7
2019,8,24,207.3,210,271.1,225.3,126.6,202.1,264.7,255.6,263.6,303.6,207.3,210.9,249,208.5,271.1,303.6,263.6,225.3,283.7,255.6,202.1,264.7
2019,8,25,186.9,188,289.1,239.5,280.2,167.5,187.2,202.9,199.7,301.3,186.9,185,172.2,204.5,289.1,301.3,199.7,239.5,291.8,202.9,167.5,187.2
2019,8,26,185.5,145.9,288.1,311.5,285,173,304.2,305.7,279.4,289,185.5,185.2,151.8,184.9,288.1,289,279.4,311.5,293.7,305.7,173,304.2
2019,8,27,259.8,254.3,281.6,211.2,184.8,228.8,265.7,298,220.7,298.2,259.8,259.5,181.9,183.2,281.6,298.2,220.7,211.2,252.8,298,228.8,265.7
2019,8,28,302.5,304.1,277.1,200.7,159.5,307.9,294,213,280.3,295.4,302.5,302.5,316.4,322.7,277.1,295.4,280.3,200.7,236.4,213,307.9,294
2019,8,29,309.4,317.5,280.8,331.8,298.7,322.4,248.3,285.7,266.8,296.1,309.4,309.4,325.4,331.8,280.8,296.1,266.8,331.8,284.3,285.7,322.4,248.3
2019,8,30,305.6,312.4,278.7,325.2,297.7,323.9,264.3,248.1,196.5,297.5,305.6,305.6,330.1,334.2,278.7,297.5,196.5,325.2,282.6,248.1,323.9,264.3
2019,8,31,298.5,310.6,273.9,322.6,294.2,319.5,269.1,278.8,270.5,299.5,298.5,298.5,287.5,299.7,273.9,299.5,270.5,322.6,278.8,278.8,319.5,269.1
2019,9,1,288.4,275.1,274.8,210.9,263.7,283.5,271.9,280,255.8,288.7,288.4,288.4,205.7,208.7,274.8,288.7,255.8,210.9,269.1,280,283.5,271.9
2019,9,2,286.7,282.3,275.5,238.1,251.1,286.2,275,306.6,256,207.5,286.7,286.8,270.6,281.5,275.5,207.5,256,238.1,268,306.6,286.2,275
2019,9,3,286.2,282,276.8,269.6,263.5,285.2,269.3,304.6,257.1,285.5,286.2,286.2,288.6,287.3,276.8,285.5,257.1,269.6,268.3,304.6,285.2,269.3
2019,9,4,279.8,280.1,278.8,251.7,241.6,283.6,286.8,292.8,254.8,282.9,279.8,279.1,286.9,285.8,278.8,282.9,254.8,251.7,268.1,292.8,283.6,286.8
2019,9,5,288.2,284.8,257.1,115.8,209.7,282.2,291,290,255.8,252.8,288.2,288.3,286,287.4,257.1,252.8,255.8,115.8,265.9,290,282.2,291
2019,9,6,279.5,277.6,252.5,254.3,171.4,283.4,288.3,263.4,251.3,281.1,279.5,279.5,293.3,288.8,252.5,281.1,251.3,254.3,263.1,263.4,283.4,288.3
2019,9,7,278.7,274.5,249,281.1,257.6,275.4,289,303,245.9,273.6,278.7,278.9,282.1,280.1,249,273.6,245.9,281.1,260.5,303,275.4,289
2019,9,8,250.8,274.1,252.5,255.1,197,273.6,285.3,301.8,248.1,282.4,250.8,250.6,275.2,276.4,252.5,282.4,248.1,255.1,250.6,301.8,273.6,285.3
2019,9,9,274,272.1,253.3,252.9,190.6,269.7,230.4,240.1,249,282.2,274,274,262.7,261.2,253.3,282.2,249,252.9,198.9,240.1,269.7,230.4
2019,9,10,259.1,254.9,244.7,246.4,229.2,245.1,227.3,231.5,240.7,280.4,259.1,259.1,236.8,259.3,244.7,280.4,240.7,246.4,230.8,231.5,245.1,227.3
2019,9,11,270,236.5,228.1,271.4,244.8,260.3,238.7,234.2,239.7,277.5,270,270,242.3,247.8,228.1,277.5,239.7,271.4,248,234.2,260.3,238.7
2019,9,12,262,264.5,262.9,269.4,243.6,269.5,274.6,244.7,185.8,274.9,262,261.6,272.3,274.3,262.9,274.9,185.8,269.4,248.3,244.7,269.5,274.6
2019,9,13,263.4,263.9,236.4,209.2,148.2,269.2,273.9,261.7,212.3,274.2,263.4,262.8,277.1,272.2,236.4,274.2,212.3,209.2,241.3,261.7,269.2,273.9
2019,9,14,265,239.3,218.9,226.9,186.6,265.1,268.2,285.9,236.1,272.2,265,265.1,273.1,266.3,218.9,272.2,236.1,226.9,247.5,285.9,265.1,268.2
2019,9,15,263.5,260.3,178.5,248.2,209,263.4,259,285,237.2,260.8,263.5,263.6,267.3,267.7,178.5,260.8,237.2,248.2,247.6,285,263.4,259
2019,9,16,262.4,260.9,246.2,261.2,243.8,264.1,222,234.4,234.2,251.1,262.4,262.4,247.1,268.8,246.2,251.1,234.2,261.2,245.4,234.4,264.1,222
2019,9,17,259.8,257.4,257.9,255.3,128.7,263.3,225,179.1,231.9,261.9,259.8,259.8,269.8,267.5,257.9,261.9,231.9,255.3,243.7,179.1,263.3,225
2019,9,18,258,255.4,255.1,156.1,232.2,259.4,198.2,201.1,230.6,259.3,258,258.1,266.1,257.1,255.1,259.3,230.6,156.1,242.5,201.1,259.4,198.2
2019,9,19,248,235.6,255,268.7,245,249.5,142.6,157.9,225.9,261.7,248,247.4,208.1,163.2,255,261.7,225.9,268.7,235.8,157.9,249.5,142.6
2019,9,20,218.3,249.6,256.8,267.5,232.8,255.5,165.8,210.5,210.7,259.7,218.3,217.3,266,266.6,256.8,259.7,210.7,267.5,169,210.5,255.5,165.8
2019,9,21,254.4,255.5,242,262.5,219.2,260.1,244,209.2,198.6,257.8,254.4,254.2,264.2,264.2,242,257.8,198.6,262.5,164.2,209.2,260.1,244
2019,9,22,232.3,251.9,250.8,256.8,226.1,257.9,167.7,239.7,172,255.2,232.3,229.4,261.1,261.8,250.8,255.2,172,256.8,236.8,239.7,257.9,167.7
2019,9,23,146.4,199.7,225.3,256.2,230.5,236.7,233.5,245.8,217,251.8,146.4,142.6,259.6,256.1,225.3,251.8,217,256.2,208.8,245.8,236.7,233.5
2019,9,24,247.4,242.6,134.8,250,232.1,236.9,130.8,208.5,167.9,251.3,247.4,246.6,243.5,241.8,134.8,251.3,167.9,250,226,208.5,236.9,130.8
2019,9,25,134.7,241.4,228.5,205.2,231.1,247.6,262.8,266.4,213.6,246.3,134.7,135.7,235.2,253.8,228.5,246.3,213.6,205.2,230.5,266.4,247.6,262.8
2019,9,26,199.5,176.4,244.6,237.8,219,204.6,259.2,264.2,197.7,242.2,199.5,200.2,250.3,241.5,244.6,242.2,197.7,237.8,229.1,264.2,204.6,259.2
2019,9,27,240.2,229,224.7,205.9,175.4,244.5,257.7,250.2,216.6,240.8,240.2,240.3,251.7,219.9,224.7,240.8,216.6,205.9,231.2,250.2,244.5,257.7
2019,9,28,227.9,236.4,242.7,191.6,195.2,243.9,237.1,204.5,186.6,246.2,227.9,226.9,249.4,243.1,242.7,246.2,186.6,191.6,216.1,204.5,243.9,237.1
2019,9,29,235.5,222.1,241.3,237.7,215.9,241.2,248.5,227.6,203.1,244.7,235.5,235.3,239.3,245.2,241.3,244.7,203.1,237.7,218.9,227.6,241.2,248.5
2019,9,30,233.6,233.4,243.9,130.8,145.4,238.5,246.6,207.3,210.7,242.1,233.6,233.5,245.9,243.9,243.9,242.1,210.7,130.8,220.1,207.3,238.5,246.6
2019,10,1,224,235,241.5,124.3,143.6,236.1,244.1,207.6,208.5,233.4,224,223.8,234.3,230,241.5,233.4,208.5,124.3,191.9,207.6,236.1,244.1
2019,10,2,222.7,230.6,240.6,216.2,193.4,229.3,204.1,235.2,205.3,232.5,222.7,222.6,235.6,227.8,240.6,232.5,205.3,216.2,191.1,235.2,229.3,204.1
2019,10,3,213.3,228.9,233.9,229.8,209.3,185.5,128.7,210.7,96.3,231.3,213.3,212.2,207.5,227.7,233.9,231.3,96.3,229.8,171.8,210.7,185.5,128.7
2019,10,4,220.6,229.4,224.8,225.2,203.4,212.4,204.5,190.1,150.4,230.1,220.6,220.5,214.2,231.7,224.8,230.1,150.4,225.2,200.3,190.1,212.4,204.5
2019,10,5,213.3,226.2,234.1,68.2,136.5,221.6,228.6,216,182.1,223.9,213.3,212.8,236,209.3,234.1,223.9,182.1,68.2,211.2,216,221.6,228.6
2019,10,6,143.5,214.8,233.3,124,95.4,201.6,190.7,230.2,182.4,208.3,143.5,143.5,204.4,227.6,233.3,208.3,182.4,124,207.5,230.2,201.6,190.7
2019,10,7,141.5,139.4,228.1,177.2,153.4,146.7,165.1,194.2,210.5,222.5,141.5,142.7,184.1,193.2,228.1,222.5,210.5,177.2,215.1,194.2,146.7,165.1
2019,10,8,218.3,224.9,223.1,171.2,74,219.3,227.2,233.3,205.3,210.8,218.3,218.3,198.3,218.5,223.1,210.8,205.3,171.2,204.8,233.3,219.3,227.2
2019,10,9,216.5,223.3,229.1,110.8,76.3,228,232.7,193.4,182.6,220.8,216.5,216.4,206.6,215.2,229.1,220.8,182.6,110.8,203.2,193.4,228,232.7
2019,10,10,185.3,180.8,229.7,185.1,135.6,155.8,214,140.4,146,220.6,185.3,186.4,219.9,165.3,229.7,220.6,146,185.1,205.9,140.4,155.8,214
2019,10,11,81,134.1,229.3,219.1,209.7,158.4,141.2,101.8,207.8,216.7,81,77.9,184.8,221,229.3,216.7,207.8,219.1,213,101.8,158.4,141.2
2019,10,12,220.8,192.3,220.9,202,187.2,159.3,145.5,106.5,205.9,218.1,220.8,220.6,128.4,159.8,220.9,218.1,205.9,202,203.2,106.5,159.3,145.5
2019,10,13,215.1,202.3,220.4,155,110.4,106.8,63.6,96.3,199.7,214.7,215.1,215.1,190.3,141.9,220.4,214.7,199.7,155,202.8,96.3,106.8,63.6
2019,10,14,207.8,213.1,210.9,215.8,192.7,136.9,97.2,107.3,191.3,213.4,207.8,207.7,143.4,142.4,210.9,213.4,191.3,215.8,198.6,107.3,136.9,97.2
2019,10,15,136.3,156.5,215.3,187.9,207,83.3,160.9,158.9,179.2,210.5,136.3,136.7,117.9,100.9,215.3,210.5,179.2,187.9,199.3,158.9,83.3,160.9
2019,10,16,208.3,210.1,216.4,131.6,66.9,180.1,181,144.7,194.2,190.5,208.3,208.1,150.5,164,216.4,190.5,194.2,131.6,202.5,144.7,180.1,181
2019,10,17,203.7,214.1,210.1,215.1,188.2,220,212.5,177.3,192.1,197.4,203.7,203.5,217.7,222.1,210.1,197.4,192.1,215.1,200.6,177.3,220,212.5
2019,10,18,203.9,213.7,191.4,213.8,202.4,202.9,218.2,133,187.2,191.1,203.9,203.7,126.1,203.3,191.4,191.1,187.2,213.8,190.6,133,202.9,218.2
2019,10,19,193.7,97.5,211.9,90.6,197.8,161.9,216.4,181.8,183.8,195.4,193.7,193.7,88.7,72.4,211.9,195.4,183.8,90.6,193.4,181.8,161.9,216.4
2019,10,20,191.7,201.9,213.1,181.1,84.5,181.3,185.7,200.7,182.3,191.7,191.7,191.5,211.6,207.2,213.1,191.7,182.3,181.1,192.3,200.7,181.3,185.7
2019,10,21,106.6,133.9,213,186.9,176.7,115.4,121.3,184.6,187.1,190.5,106.6,107.1,151.6,173.5,213,190.5,187.1,186.9,195.2,184.6,115.4,121.3
2019,10,22,196.4,205.8,210.2,134.9,109.6,212.4,222.4,218.7,184.1,191.3,196.4,196.2,216.3,209.3,210.2,191.3,184.1,134.9,192.2,218.7,212.4,222.4
2019,10,23,193.5,205.5,208.2,203.5,191.6,210.3,218.1,204.2,177.5,187.3,193.5,193.2,217.3,211.5,208.2,187.3,177.5,203.5,186.9,204.2,210.3,218.1
2019,10,24,189.6,200.8,209.1,200.7,187.2,206.2,210.1,153.3,47.6,188.9,189.6,189.3,168.1,194.6,209.1,188.9,47.6,200.7,60.6,153.3,206.2,210.1
2019,10,25,57.6,51.9,206.5,157.4,94.7,84.9,89.1,117.8,30.1,187.8,57.6,58.3,114,115.4,206.5,187.8,30.1,157.4,178.5,117.8,84.9,89.1
2019,10,26,67.7,75.7,205.3,185.8,172.2,85.4,197.3,167.3,151.1,184.5,67.7,67.5,116.3,115.2,205.3,184.5,151.1,185.8,187.2,167.3,85.4,197.3
2019,10,27,180.9,190.3,201.3,106,102.1,195.6,206.9,207.1,173.4,186.6,180.9,180.8,202.2,196.9,201.3,186.6,173.4,106,182.7,207.1,195.6,206.9
2019,10,28,179.6,189.9,197.9,189,178.3,192.1,177.9,195.9,113.1,185.3,179.6,179.4,200.2,195.1,197.9,185.3,113.1,189,177.6,195.9,192.1,177.9
2019,10,29,166,181.4,199.4,57.3,171.9,183.9,167.7,89.7,65.4,181.6,166,165.1,84.1,80.3,199.4,181.6,65.4,57.3,170.3,89.7,183.9,167.7
2019,10,30,73.2,66.2,201.9,106.3,55.8,88.5,131.6,88.5,75.4,184.2,73.2,72.6,113.6,126.3,201.9,184.2,75.4,106.3,121.1,88.5,88.5,131.6
2019,10,31,123.4,101.5,204.3,130,132.4,127.1,206.5,206.9,173,186.4,123.4,122.7,77.3,86.1,204.3,186.4,173,130,183.4,206.9,127.1,206.5
2019,11,1,159.4,163.8,197.2,191.5,175.6,175.1,190.9,179.2,151.7,172,159.4,159.1,199.3,187.5,197.2,172,151.7,191.5,175.8,179.2,175.1,190.9
2019,11,2,157.6,162.1,111.3,141.5,116.2,172.1,185,177,149.4,166.6,157.6,157.3,192.1,182.5,111.3,166.6,149.4,141.5,170.7,177,172.1,185
2019,11,3,154.7,159.4,157.7,186.2,172.2,170.4,182,172,145.1,162.9,154.7,154.4,193.9,182.7,157.7,162.9,145.1,186.2,165.2,172,170.4,182
2019,11,4,147.2,100.7,183.6,152.1,159.7,132.7,174.8,132.5,140.6,160.9,147.2,147.2,153.5,111.7,183.6,160.9,140.6,152.1,167.1,132.5,132.7,174.8
2019,11,5,138.9,151.1,178.9,118.6,106.9,159.1,138,162.3,139.4,157.6,138.9,137.1,174.6,167.4,178.9,157.6,139.4,118.6,162.3,162.3,159.1,138
2019,11,6,104.1,153.1,131,173.4,161.7,161.9,172.1,141.6,95.1,147,104.1,99.8,177.1,169.6,131,147,95.1,173.4,119.4,141.6,161.9,172.1
2019,11,7,36.1,71.9,173,151.6,137.1,115.6,126,74,91.9,154.8,36.1,36,128.7,145.9,173,154.8,91.9,151.6,48.8,74,115.6,126
2019,11,8,150.5,153.3,169.7,169.6,154.6,151.6,126.8,58.6,110.6,153.6,150.5,150.4,146.5,153.4,169.7,153.6,110.6,169.6,132.4,58.6,151.6,126.8
2019,11,9,146.1,150.9,167.1,177,144.8,162,175.6,165.9,135.2,151.9,146.1,145.8,180.3,171.7,167.1,151.9,135.2,177,160.2,165.9,162,175.6
2019,11,10,143,147.3,158.2,171.1,156.1,158.3,172.1,162,132.2,148.3,143,142.7,179.3,168.5,158.2,148.3,132.2,171.1,153.4,162,158.3,172.1
2019,11,11,70.1,101.2,161.3,168.5,152.8,121.1,104.2,111,39.9,146.1,70.1,68.9,168.7,162.5,161.3,146.1,39.9,168.5,102.7,111,121.1,104.2
2019,11,12,145.8,139.8,166.1,44.7,40.6,155.4,170.3,160.6,139.9,144.1,145.8,145.6,82.8,111.5,166.1,144.1,139.9,44.7,160.5,160.6,155.4,170.3
2019,11,13,145.5,150,172.7,172.1,153.9,160.5,174.1,104.1,134,142.8,145.5,145.4,182.1,172.1,172.7,142.8,134,172.1,155.8,104.1,160.5,174.1
2019,11,14,138.1,116.3,171.5,74.4,134.5,42.1,36.9,33,126.5,122,138.1,138.3,79.8,92.8,171.5,122,126.5,74.4,152.3,33,42.1,36.9
2019,11,15,142.8,118.4,163.2,38.1,32,152.3,168.2,163,131.4,112.8,142.8,142.7,110.4,30.4,163.2,112.8,131.4,38.1,152.2,163,152.3,168.2
2019,11,16,138.4,144.5,156.3,39.3,30.1,155.2,169.6,161.8,120.3,138.9,138.4,138,172.8,145.3,156.3,138.9,120.3,39.3,144.6,161.8,155.2,169.6
2019,11,17,131.6,137.9,167.7,65.9,56,149.8,166.9,152.4,118.5,138.2,131.6,131.2,168.7,125.2,167.7,138.2,118.5,65.9,148.9,152.4,149.8,166.9
2019,11,18,133.6,138,167.6,64,59.6,140.3,158.7,154.8,117.1,138.6,133.6,133.2,166.4,155.3,167.6,138.6,117.1,64,147.4,154.8,140.3,158.7
2019,11,19,131.9,110.9,140.5,103.4,111.4,146.4,159,152.6,123.7,133.8,131.9,131.7,165.5,142.8,140.5,133.8,123.7,103.4,144.8,152.6,146.4,159
2019,11,20,129.5,135.5,70.5,154.8,133.6,145.3,154.5,141.6,77.2,123,129.5,129.2,166.2,156.9,70.5,123,77.2,154.8,115.8,141.6,145.3,154.5
2019,11,21,43.8,86.9,74.1,139.9,138.8,111.6,137.3,124.1,62.8,131.5,43.8,45.6,165.1,153.9,74.1,131.5,62.8,139.9,122.3,124.1,111.6,137.3
2019,11,22,34.2,44.2,152.6,100.3,57.3,78.6,75.7,102.9,65,130.7,34.2,34,154.7,121.7,152.6,130.7,65,100.3,141.6,102.9,78.6,75.7
2019,11,23,101.3,80,149,57.6,82.2,110.2,148.1,150.8,120.6,131.5,101.3,99.6,72.6,50.8,149,131.5,120.6,57.6,143.1,150.8,110.2,148.1
2019,11,24,128.8,132.9,145,149.9,128.1,143.7,156.4,151,121.3,132.6,128.8,128.5,163.8,153.3,145,132.6,121.3,149.9,142.7,151,143.7,156.4
2019,11,25,128.5,132.2,152.8,151.4,137.4,139.4,151,148,120.3,132.2,128.5,128.3,161.9,146.3,152.8,132.2,120.3,151.4,144,148,139.4,151
2019,11,26,62.3,82.3,158.2,138.7,135.3,89.3,100.9,93,114.7,104.8,62.3,62.1,147.5,144.2,158.2,104.8,114.7,138.7,133.3,93,89.3,100.9
2019,11,27,127.5,129.1,102.9,80.6,47.9,138.3,134.4,103.5,120.5,84.5,127.5,127.2,73.5,105,102.9,84.5,120.5,80.6,125.1,103.5,138.3,134.4
2019,11,28,60.6,113.6,81.7,149,134.9,95.2,79,82.8,26.6,75.7,60.6,58.3,154.4,143.1,81.7,75.7,26.6,149,71.8,82.8,95.2,79
2019,11,29,37.4,68.4,75,68.8,127,107,123.9,94.4,67.8,119.9,37.4,36.5,144.6,107.1,75,119.9,67.8,68.8,123.4,94.4,107,123.9
2019,11,30,75.3,96.9,151.3,84.8,40.4,128.3,139.1,133.7,116,54.3,75.3,75.5,150.6,140.9,151.3,54.3,116,84.8,137.8,133.7,128.3,139.1
2019,12,1,90.9,125.9,155.6,60.3,34.9,132.5,153.2,153,121.8,36.8,90.9,89.1,145.3,139.4,155.6,36.8,121.8,60.3,138.7,153,132.5,153.2
2019,12,2,83.1,87.5,154.2,107,61.1,105.1,152,151.6,121,41.7,83.1,81.8,123.9,114.9,154.2,41.7,121,107,137.4,151.6,105.1,152
2019,12,3,111.5,117.4,133.5,126.3,128.8,128.2,151.2,149.4,117.5,91,111.5,110.8,155.2,141.2,133.5,91,117.5,126.3,134.7,149.4,128.2,151.2
2019,12,4,118.4,126.4,57.5,137.7,128.9,130.1,149.8,146.7,107.6,64.9,118.4,117.8,152.1,143.4,57.5,64.9,107.6,137.7,95.4,146.7,130.1,149.8
2019,12,5,91.1,120.6,143.3,139.1,130.2,82.1,146.1,136.8,114.4,84.6,91.1,90.8,124.6,140.3,143.3,84.6,114.4,139.1,130.9,136.8,82.1,146.1
2019,12,6,30.2,52.4,119.6,89.5,104.4,48.8,136.6,145.2,116.4,106.3,30.2,30.3,81.4,57.8,119.6,106.3,116.4,89.5,129.8,145.2,48.8,136.6
2019,12,7,114.9,92.9,136.8,129.8,125.6,92.8,143,144.4,117.4,72.3,114.9,114.5,135.6,80.1,136.8,72.3,117.4,129.8,131.5,144.4,92.8,143
2019,12,8,85.6,74.6,92.7,127.7,112.6,93.6,143,140.8,98.9,48.4,85.6,86,122.4,91.6,92.7,48.4,98.9,127.7,127.5,140.8,93.6,143
2019,12,9,79.3,98.4,75.5,84,80.4,116,136.9,138.3,102.9,96.8,79.3,79.3,138.9,128.6,75.5,96.8,102.9,84,105.1,138.3,116,136.9
2019,12,10,69.8,35.4,151.5,120.5,109.4,28.5,27.8,28.2,115.5,108.3,69.8,71.1,98.4,59.9,151.5,108.3,115.5,120.5,108.2,28.2,28.5,27.8
2019,12,11,116.4,124.3,145.3,116.8,110.8,127.9,147,146.8,115.5,105.8,116.4,115.8,55.3,115.3,145.3,105.8,115.5,116.8,129.7,146.8,127.9,147
2019,12,12,115.3,113.2,149.7,134.8,121.4,110.9,134,138.7,114.9,60.4,115.3,114.8,65.3,64.3,149.7,60.4,114.9,134.8,131.8,138.7,110.9,134
2019,12,13,36.8,33.4,147.4,42.8,58.3,41.3,69.8,142,109.3,41.8,36.8,37.3,73.7,52.2,147.4,41.8,109.3,42.8,130.2,142,41.3,69.8
2019,12,14,97.4,102.2,147.4,119.9,57.4,118.1,142.5,142.4,50.4,93.5,97.4,95.6,141.8,135.3,147.4,93.5,50.4,119.9,127.8,142.4,118.1,142.5
2019,12,15,69.1,87.7,148.9,126.9,124.3,82.9,125.2,140.4,78.5,112.6,69.1,66.1,91.5,117.5,148.9,112.6,78.5,126.9,126,140.4,82.9,125.2
2019,12,16,53.8,95.9,154,128.1,103.3,112.2,77.9,95.6,49.8,110.5,53.8,54,137.3,128.3,154,110.5,49.8,128.1,130.9,95.6,112.2,77.9
2019,12,17,89.6,100.8,156.8,49,57.4,99.8,126.2,146,117.2,106.1,89.6,90,99,90.7,156.8,106.1,117.2,49,133.5,146,99.8,126.2
2019,12,18,115.7,123.7,153.5,134.7,127.2,127.3,149.4,149.2,116.8,30.5,115.7,115.2,151.5,141.5,153.5,30.5,116.8,134.7,135.1,149.2,127.3,149.4
2019,12,19,114.1,122.1,151.9,135,128.4,125.6,148.7,147.8,115.5,104.3,114.1,113.6,151.6,141,151.9,104.3,115.5,135,132.8,147.8,125.6,148.7
2019,12,20,105.3,114.6,154.6,134.8,125.2,120.9,95.1,35,88.9,104.8,105.3,104.7,140.7,136,154.6,104.8,88.9,134.8,132.4,35,120.9,95.1
2019,12,21,95.6,73.3,153.6,108.4,102.5,69.6,67.3,137.4,108.1,109.4,95.6,97,37.2,65.2,153.6,109.4,108.1,108.4,133.9,137.4,69.6,67.3
2019,12,22,32.4,30.8,154,61.1,122,22.6,48.6,141.1,114.5,38.4,32.4,33.6,39.5,30.9,154,38.4,114.5,61.1,133.5,141.1,22.6,48.6
2019,12,23,84.3,31.1,144.2,52.5,80.6,49.9,130.5,139.3,115,50.3,84.3,87.2,64,66.1,144.2,50.3,115,52.5,134,139.3,49.9,130.5
2019,12,24,111.2,116.1,78.8,112.2,123.4,119.6,119.7,146.1,115.5,112,111.2,110.7,88.9,93,78.8,112,115.5,112.2,125.4,146.1,119.6,119.7
2019,12,25,105.7,114.6,104.7,132.3,125,95.3,135.2,141.5,111,87.6,105.7,105.5,111,134.1,104.7,87.6,111,132.3,127.6,141.5,95.3,135.2
2019,12,26,54.8,92.9,123,132.2,123.3,63.6,130.2,117.6,109.3,74.3,54.8,55.7,139.1,130.5,123,74.3,109.3,132.2,64.6,117.6,63.6,130.2
2019,12,27,90.3,59.2,67.1,115.8,120.9,30,114.6,135.2,37.6,114,90.3,90.1,76,84.2,67.1,114,37.6,115.8,113.8,135.2,30,114.6
2019,12,28,74.8,83.7,55.3,118.4,120,90.6,101.9,98.1,62.1,113.2,74.8,74.8,94.8,97,55.3,113.2,62.1,118.4,128.5,98.1,90.6,101.9
2019,12,29,36.9,63.6,152.5,94.6,29.6,76,67.1,108.1,97.8,75.8,36.9,35.3,89.5,108.9,152.5,75.8,97.8,94.6,90.3,108.1,76,67.1
2019,12,30,113.2,122.2,126,100.8,96.4,126.4,145.4,147.6,117.8,111,113.2,112.3,147.7,138.9,126,111,117.8,100.8,132.8,147.6,126.4,145.4
2019,12,31,111.4,117.2,134.7,111.9,104.7,115.1,97.6,106.8,112.8,100.3,111.4,110.9,134.1,136.3,134.7,100.3,112.8,111.9,131.3,106.8,115.1,97.6
