2019,1,1,277.7,279,269.2,288,278.5,281.9,281.7,276.9,267.9,270.6,277.7,277.8,290.3,288,269.2,270.6,267.9,288,266.1,276.9,281.9
2019,1,2,275,279.7,264.3,286.7,279.1,281.7,281.1,276.4,269.1,270.1,275,276.2,288.8,286.7,264.3,270.1,269.1,286.7,268.1,276.4,281.7
2019,1,3,275.3,280.3,264.9,286,277.9,281.7,278.5,273.7,272.5,270.9,275.3,276.3,287.8,286.2,264.9,270.9,272.5,286,269.1,273.7,281.7
2019,1,4,274.7,275.6,267.9,281.7,279.4,277.7,274.8,275.5,272.8,272,274.7,275,280.6,280,267.9,272,272.8,281.7,270.6,275.5,277.7
2019,1,5,274.6,274,272.4,277.6,275.4,275.2,274.7,276.4,272.4,276.6,274.6,274.6,277.1,275.9,272.4,276.6,272.4,277.6,271.9,276.4,275.2
2019,1,6,277.5,274.3,272.4,277.6,275,275.4,276.9,279.9,281.3,276.5,277.5,276.7,277.2,275.8,272.4,276.5,281.3,277.6,279.4,279.9,275.4
2019,1,7,280.9,279.3,271.9,279.8,276.1,278,284.3,286.8,275.4,280.7,280.9,283.1,277.7,277.5,271.9,280.7,275.4,279.8,276.8,286.8,278
2019,1,8,276.8,276.9,275.8,282.6,278.8,277.9,282.7,282.7,271.5,282,276.8,276.6,282,278.8,275.8,282,271.5,282.6,272.9,282.7,277.9
2019,1,9,270.8,270.3,278.1,273.6,271.2,273.2,274.6,277.7,269.8,281.5,270.8,270.5,274.9,273.3,278.1,281.5,269.8,273.6,272.8,277.7,273.2
2019,1,10,269.5,268.2,274.2,270,267.8,271.6,273.9,278.7,273.7,280.9,269.5,269.3,272.4,270.5,274.2,280.9,273.7,270,277.1,278.7,271.6
2019,1,11,271,268.6,272.3,269.9,268.1,271.9,275.2,281.5,276.3,280.2,271,270.6,272.4,270.5,272.3,280.2,276.3,269.9,275.2,281.5,271.9
2019,1,12,276.9,278.4,272.4,274.4,272,280.2,279,278.3,273.2,277.4,276.9,276.7,280.9,280.5,272.4,277.4,273.2,274.4,268.7,278.3,280.2
2019,1,13,274.1,275,276.8,274.9,272.2,277.3,277.4,275.4,272.7,276.3,274.1,274.3,279.2,279.1,276.8,276.3,272.7,274.9,269.4,275.4,277.3
2019,1,14,274.1,274,277.5,274,271.1,276.8,276.6,275.9,271.4,278.9,274.1,274.2,277.5,276.7,277.5,278.9,271.4,274,272.3,275.9,276.8
2019,1,15,269.9,268.9,277.6,272.5,270.2,271.2,276.6,279.6,271.6,280.6,269.9,270.3,275,272.5,277.6,280.6,271.6,272.5,275.6,279.6,271.2
2019,1,16,271.1,269.1,274.2,272.5,270.3,271,280.3,282.9,277.5,283.1,271.1,270.9,273.5,271.9,274.2,283.1,277.5,272.5,276.1,282.9,271
2019,1,17,275.9,277.8,273.7,273.2,271.2,280.4,281.2,282.4,274.7,283.5,275.9,278,273.9,272.9,273.7,283.5,274.7,273.2,275.6,282.4,280.4
2019,1,18,276.8,281.7,273.8,276.4,275.8,283.2,281.9,282.8,270,280.1,276.8,278.5,285.7,283.6,273.8,280.1,270,276.4,271.4,282.8,283.2
2019,1,19,270.1,272,273.7,280.3,278.8,273.7,273.8,272,265,278.9,270.1,269,275.7,275.1,273.7,278.9,265,280.3,269.7,272,273.7
2019,1,20,267.1,266.9,272,269.8,265.7,270,271.6,271.6,264.7,279.7,267.1,267.1,271.1,269.9,272,279.7,264.7,269.8,269.8,271.6,270
2019,1,21,268.5,266.8,273.7,267.8,264.3,270,271.8,275.2,273.5,276.7,268.5,267.8,271.1,270,273.7,276.7,273.5,267.8,274.3,275.2,270
2019,1,22,273.7,273.8,268.7,268.4,264.4,275.2,282.7,275.7,268.1,274.3,273.7,274.7,276.6,274.2,268.7,274.3,268.1,268.4,266.7,275.7,275.2
2019,1,23,269.4,272.7,267.7,278,272.7,273.6,270.8,271.8,267.9,273.8,269.4,269.9,278,277.8,267.7,273.8,267.9,278,266.4,271.8,273.6
2019,1,24,268.4,271.3,267.8,273.5,271.7,271.4,270.7,272.2,264.4,274.8,268.4,268.4,272.4,271.4,267.8,274.8,264.4,273.5,266,272.2,271.4
2019,1,25,268.5,269,268.2,270.5,267.4,270.7,272.2,276.3,264.4,275,268.5,268.3,271.9,269.9,268.2,275,264.4,270.5,265.3,276.3,270.7
2019,1,26,271.3,271.3,269.4,270.8,267.3,272.8,276.2,278.3,269.5,275.9,271.3,271.1,271.3,270.2,269.4,275.9,269.5,270.8,265.6,278.3,272.8
2019,1,27,272.3,271.3,271.5,271.6,269.2,273.3,276.5,278.4,271.7,277.8,272.3,272.4,273.4,271.7,271.5,277.8,271.7,271.6,269.5,278.4,273.3
2019,1,28,266.4,270.8,269.9,277.1,269.2,273.1,274.5,274.8,265.5,278,266.4,266.8,273.3,271.7,269.9,278,265.5,277.1,266.8,274.8,273.1
2019,1,29,266.3,266.4,278.1,270.4,270.7,268.5,273.1,274.3,265.2,279.9,266.3,266.5,270.4,268.3,278.1,279.9,265.2,270.4,266,274.3,268.5
2019,1,30,265,266.5,275.8,269.2,265.3,268.9,272.9,276.8,264.6,279.5,265,264.8,270,268.2,275.8,279.5,264.6,269.2,269.2,276.8,268.9
2019,1,31,265.7,268.1,273.8,272.3,266.5,272.9,275.7,283.3,265,281.2,265.7,265.8,276.6,272.3,273.8,281.2,265,272.3,270.5,283.3,272.9
2019,2,1,272.9,274.8,276,274.4,270,276.6,281.4,287.1,278.8,280.2,272.9,275.5,279.3,274.9,276,280.2,278.8,274.4,270.4,287.1,276.6
2019,2,2,277.7,275.4,275.5,275.5,270.8,277.3,281.6,289,284.2,282.5,277.7,277.4,287.6,286.9,275.5,282.5,284.2,275.5,278.2,289,277.3
2019,2,3,282.2,280.8,280.4,278.1,273.1,283.2,287,290.3,287,282.4,282.2,280.6,287,282.5,280.4,282.4,287,278.1,277.6,290.3,283.2
2019,2,4,288,285.5,280.4,278.8,275.2,288.7,291.3,293.7,275.3,277.5,288,287.9,289,284.9,280.4,277.5,275.3,278.8,278.2,293.7,288.7
2019,2,5,289.8,288.9,278.7,281.8,275.8,292.6,294.5,294.1,273.1,272.7,289.8,290.1,292.7,289.6,278.7,272.7,273.1,281.8,282.9,294.1,292.6
2019,2,6,290.3,292.9,270.9,284.8,280.7,293.6,295.5,295.7,267.5,272.2,290.3,290.4,292.1,291.2,270.9,272.2,267.5,284.8,268.8,295.7,293.6
2019,2,7,268.8,276.5,268.6,287.7,288.6,277.1,276.7,276,262.7,272.3,268.8,269.2,289.6,289.8,268.6,272.3,262.7,287.7,263.2,276,277.1
2019,2,8,268.5,272,272,281.8,276.9,275.9,276,275.6,262.4,273.1,268.5,268.7,280.1,280.8,272,273.1,262.4,281.8,263.2,275.6,275.9
2019,2,9,270.2,272.6,274.7,274.5,267.6,276.7,276.5,277.1,267.7,277.7,270.2,269.6,281.3,281.4,274.7,277.7,267.7,274.5,271,277.1,276.7
2019,2,10,277.6,279.5,273.7,275,268.6,282.7,281.8,279.3,274.6,273.6,277.6,277.4,287.2,283.6,273.7,273.6,274.6,275,275,279.3,282.7
2019,2,11,284.4,284.1,267.2,279.4,277.1,289.2,291,285.2,274,272.7,284.4,283.7,288.9,283.6,267.2,272.7,274,279.4,268.6,285.2,289.2
2019,2,12,272.5,273.2,268.2,285.4,279.8,275.6,276.6,276.2,273,273.2,272.5,272.7,279.4,278.4,268.2,273.2,273,285.4,268.3,276.2,275.6
2019,2,13,272.8,273.3,277.6,274.3,272.3,275.2,276.3,275.5,277.1,282,272.8,273,277.1,276.1,277.6,282,277.1,274.3,275.2,275.5,275.2
2019,2,14,279.1,277.5,279.4,275.4,273.1,281.1,284.5,286.7,272.4,280.7,279.1,281.1,278.1,275.9,279.4,280.7,272.4,275.4,282.5,286.7,281.1
2019,2,15,273.5,278.5,279.4,284.3,283.8,281.3,286.3,283.7,267.9,276.9,273.5,273.4,288.8,287.6,279.4,276.9,267.9,284.3,270.6,283.7,281.3
2019,2,16,273.9,278.1,273.2,279.3,273.5,280.5,283.5,281.6,268.3,274.8,273.9,273.7,290.6,287.7,273.2,274.8,268.3,279.3,269.4,281.6,280.5
2019,2,17,273.1,277.9,271,279.9,274.2,278.5,280.6,282.1,267.3,274.1,273.1,273.2,288,286.8,271,274.1,267.3,279.9,268.3,282.1,278.5
2019,2,18,272.9,275.3,272.1,280.7,275.5,278.1,280.3,281.8,267.3,272.6,272.9,273,286.5,285.5,272.1,272.6,267.3,280.7,267.5,281.8,278.1
2019,2,19,273.9,275.5,266.6,277.3,274.8,278.6,280.8,280.4,271.8,271.9,273.9,273.7,286,283.3,266.6,271.9,271.8,277.3,267.5,280.4,278.6
2019,2,20,273.9,281.3,265.5,278.7,276.4,283.4,283,280,272.7,273.1,273.9,274.3,287.9,283.6,265.5,273.1,272.7,278.7,268.5,280,283.4
2019,2,21,267.4,270,278.3,270.1,266.8,271.6,273.6,277,264.5,279.2,267.4,267.6,274.1,274.1,278.3,279.2,264.5,270.1,268.5,277,271.6
2019,2,22,271.7,270.9,278.3,271,268.3,271.9,275,278.9,275.3,277.8,271.7,270.3,274.7,274.2,278.3,277.8,275.3,271,276.3,278.9,271.9
2019,2,23,280.1,277,273.8,273.1,271.3,280.4,279.7,287.5,281.6,277,280.1,279.8,277.5,277.7,273.8,277,281.6,273.1,276.7,287.5,280.4
2019,2,24,281.7,280.7,272.7,283.6,276.8,282.7,283.5,283.1,276.1,278.2,281.7,281.5,287.4,284.3,272.7,278.2,276.1,283.6,273.4,283.1,282.7
2019,2,25,278.3,281.5,272.3,289.2,283.8,281.5,282.7,281,273.8,277.2,278.3,278.5,284.4,283.2,272.3,277.2,273.8,289.2,268.2,281,281.5
2019,2,26,271.2,273.7,272.7,279.6,279.1,274.9,273.6,273.4,268.1,278.3,271.2,271.5,276.8,278.9,272.7,278.3,268.1,279.6,267.4,273.4,274.9
2019,2,27,271.1,273.8,271,273.7,271.2,273.9,273.5,273.3,269.7,278.9,271.1,271.4,273.7,273.6,271,278.9,269.7,273.7,270.3,273.3,273.9
2019,2,28,274.7,276.4,276.6,275.1,272.1,275.2,277.1,278.1,271.9,282,274.7,274.5,273.4,274,276.6,282,271.9,275.1,271,278.1,275.2
2019,3,1,273.7,274.6,277.9,270.6,267.8,275.3,276.9,280.5,272.9,282.3,273.7,273.5,274.4,274.9,277.9,282.3,272.9,270.6,278.4,280.5,275.3
2019,3,2,276.5,278.8,281.4,282.4,273.2,280.5,284.8,281.8,268.7,284.4,276.5,276.3,288.6,286.2,281.4,284.4,268.7,282.4,270.2,281.8,280.5
2019,3,3,266.2,271.9,279.5,282.9,276.6,274,277,272.8,261.5,284,266.2,266.4,278.3,278,279.5,284,261.5,282.9,263.6,272.8,274
2019,3,4,265,269,275.1,274.4,272.8,270.2,271.4,270.7,261.6,283.1,265,264.9,273.8,274.2,275.1,283.1,261.6,274.4,263.1,270.7,270.2
2019,3,5,265.7,268.3,274.6,271.4,269.1,269.4,271.1,270.7,262.5,283.6,265.7,265.9,272.1,271.4,274.6,283.6,262.5,271.4,264.4,270.7,269.4
2019,3,6,268.2,269.3,276.9,271.9,266.9,270.3,272.3,273.2,266.8,281.2,268.2,267.2,272.9,271.8,276.9,281.2,266.8,271.9,269.7,273.2,270.3
2019,3,7,271,271,279.5,273.6,269,272.5,282.5,284.4,278.1,280.2,271,271.1,273.9,272.9,279.5,280.2,278.1,273.6,276.2,284.4,272.5
2019,3,8,280.7,282.7,272.9,281.4,275.8,286.5,290.6,293.9,280,276.1,280.7,280.5,285.8,284.8,272.9,276.1,280,281.4,278.4,293.9,286.5
2019,3,9,279.3,285.2,271.7,283.9,278.4,289.6,293.9,291.3,275.2,276.1,279.3,279.4,291.3,289.3,271.7,276.1,275.2,283.9,278.2,291.3,289.6
2019,3,10,281.7,284.3,275.6,287.7,283.2,288.2,290.9,292.1,275.3,275.6,281.7,280.6,293.7,289,275.6,275.6,275.3,287.7,276.5,292.1,288.2
2019,3,11,279.8,279.7,283.4,281,274.9,283.1,287.1,289.7,279,277.1,279.8,279.4,285.2,282.3,283.4,277.1,279,281,277.9,289.7,283.1
2019,3,12,279.6,280.4,279.1,276.2,271.4,283.2,287.9,290.9,285.1,276.6,279.6,279.3,285.7,282.8,279.1,276.6,285.1,276.2,280.1,290.9,283.2
2019,3,13,285.6,286.6,272.4,277.9,273.1,287.2,291.9,286.3,280.5,276.1,285.6,287.5,289.3,287.5,272.4,276.1,280.5,277.9,275,286.3,287.2
2019,3,14,279.4,283.6,271.8,283.6,280.1,285.8,284.3,282.8,274.9,275.2,279.4,279.8,291.6,291.1,271.8,275.2,274.9,283.6,270.4,282.8,285.8
2019,3,15,272.5,277,276.3,284.7,283,280.4,282.8,280.9,271,276.1,272.5,272.5,285.1,283,276.3,276.1,271,284.7,270.4,280.9,280.4
2019,3,16,272.2,274.7,277.4,276.9,274.5,277,279.7,280.4,270.8,277.7,272.2,272.3,280.7,278,277.4,277.7,270.8,276.9,273.6,280.4,277
2019,3,17,274.4,275,276.3,274.6,272.7,276.5,277.7,280.9,273.9,278.6,274.4,273.3,278.6,276.8,276.3,278.6,273.9,274.6,274.9,280.9,276.5
2019,3,18,271.8,273.6,280.1,276.5,272.6,274.8,278.3,281.7,275.2,281.3,271.8,272,279.4,277.6,280.1,281.3,275.2,276.5,274.6,281.7,274.8
2019,3,19,272.6,273.5,280.6,277.4,273.8,274.6,278.2,283.4,278.9,282.8,272.6,272.3,277.4,276.6,280.6,282.8,278.9,277.4,275.6,283.4,274.6
2019,3,20,274.6,275.1,282.9,280,279.2,274.9,278.2,281.8,277.4,282.8,274.6,274.9,279.2,277.6,282.9,282.8,277.4,280,276.1,281.8,274.9
2019,3,21,272.6,273.9,278.1,280,280.2,276.4,278.7,282.4,274.8,279.5,272.6,273,277.7,278.3,278.1,279.5,274.8,280,276.2,282.4,276.4
2019,3,22,274.3,274.6,277.1,275.9,275.8,276.5,280.3,283.5,274.5,279.1,274.3,274.2,275.6,276,277.1,279.1,274.5,275.9,278.1,283.5,276.5
2019,3,23,280.1,278,275.5,275.9,271.2,276.6,282.5,288.9,282.2,279.5,280.1,278.3,277.4,277.6,275.5,279.5,282.2,275.9,277.3,288.9,276.6
2019,3,24,283.7,281.3,276.2,278.1,275.7,282,287.5,291.1,280.4,278,283.7,283.8,281.6,279.4,276.2,278,280.4,278.1,277.1,291.1,282
2019,3,25,279.6,281.6,275.6,286.8,280.4,284.7,284.1,285.5,275.7,278.6,279.6,279.7,283.2,283.3,275.6,278.6,275.7,286.8,277.2,285.5,284.7
2019,3,26,272,275.9,283.3,276.5,271.3,276.3,279,283.7,275.4,282.4,272,272.1,280.9,281.4,283.3,282.4,275.4,276.5,277.7,283.7,276.3
2019,3,27,273,276.6,281.6,277.4,272.4,277.2,279.7,284.1,282.2,283,273,272.9,277,276.3,281.6,283,282.2,277.4,284.8,284.1,277.2
2019,3,28,277.7,280.3,280.5,279.2,276.7,281.8,281.5,285.4,286.8,281.6,277.7,279.6,279.8,278.5,280.5,281.6,286.8,279.2,285.9,285.4,281.8
2019,3,29,286.9,284,277.2,282.3,282.1,283.5,287,290.2,277.8,280.1,286.9,286.4,283.5,281.7,277.2,280.1,277.8,282.3,277.5,290.2,283.5
2019,3,30,275.6,277.4,278.3,285.8,285,280.2,281.9,281.9,271.7,278.9,275.6,275.6,284.1,284.3,278.3,278.9,271.7,285.8,270.4,281.9,280.2
2019,3,31,272.6,272.7,281.2,278.7,273.8,275.3,275.8,277.4,271.6,279.4,272.6,272.5,278.6,277.8,281.2,279.4,271.6,278.7,270.3,277.4,275.3
2019,4,1,272.3,274.4,281.3,276.5,271.3,275.1,274,275.6,275.1,282.6,272.3,272.2,277.4,276.8,281.3,282.6,275.1,276.5,275.4,275.6,275.1
2019,4,2,274,274.8,281.2,274.5,275.2,275.8,274.4,276.9,277.7,283.3,274,274.2,276.6,275.9,281.2,283.3,277.7,274.5,277.9,276.9,275.8
2019,4,3,279.2,279.2,278.1,278.1,276.1,276.8,277.9,284.9,282.4,283.4,279.2,279.1,280.1,278.3,278.1,283.4,282.4,278.1,279.9,284.9,276.8
2019,4,4,283.3,282.2,278.6,282.7,280.6,283.8,289,291.2,280.9,283.3,283.3,283.5,284.5,281,278.6,283.3,280.9,282.7,280.1,291.2,283.8
2019,4,5,281.2,282.3,278.6,287.2,283.7,284.4,289.4,292.1,281.7,282.3,281.2,280.9,288.6,288.8,278.6,282.3,281.7,287.2,282.3,292.1,284.4
2019,4,6,284.8,283.1,281.4,285.9,280.1,285.7,290.6,291.6,285.9,282.5,284.8,282.9,291.2,290.3,281.4,282.5,285.9,285.9,282.8,291.6,285.7
2019,4,7,288.8,288.5,283.5,287.7,283.4,290.7,290.7,288.5,285.2,284.4,288.8,288.7,291.3,290.5,283.5,284.4,285.2,287.7,281.1,288.5,290.7
2019,4,8,286.8,287.9,281.5,290.7,289.1,289.2,286.6,287.1,282.6,287.5,286.8,287,288.9,290.1,281.5,287.5,282.6,290.7,281.8,287.1,289.2
2019,4,9,282.6,283.5,282.7,289.7,284.7,285,286,286.5,283.2,284.9,282.6,282.6,286.9,284.9,282.7,284.9,283.2,289.7,284.1,286.5,285
2019,4,10,283.3,286.7,281.5,284.8,278.8,286.3,287.3,289.6,280.2,281.2,283.3,283.4,286,286.2,281.5,281.2,280.2,284.8,275.6,289.6,286.3
2019,4,11,284.6,291.2,280.8,287.9,284.7,286.6,286,284.9,273.6,281.6,284.6,284.2,288.9,289,280.8,281.6,273.6,287.9,274.8,284.9,286.6
2019,4,12,283.6,287,276,292.8,290.1,286.4,286,285.5,273.9,280.7,283.6,283.5,289.1,287.9,276,280.7,273.9,292.8,276.3,285.5,286.4
2019,4,13,285.8,287.2,275,294,290.7,287.1,282.8,280.6,278,281,285.8,285.6,291,289.5,275,281,278,294,273.6,280.6,287.1
2019,4,14,275.1,276.6,278.3,287.8,290.5,277.5,280,281.2,277.7,283.4,275.1,274.9,278.8,280,278.3,283.4,277.7,287.8,274.7,281.2,277.5
2019,4,15,276.9,277.6,280.5,279.5,275.8,279.6,281.4,284.2,284.4,283.7,276.9,276.6,279.4,279.4,280.5,283.7,284.4,279.5,282.7,284.2,279.6
2019,4,16,281.5,281.2,281.6,281.8,281,284.1,284.7,289.3,288.9,282.3,281.5,283.2,283.1,282.1,281.6,282.3,288.9,281.8,283.8,289.3,284.1
2019,4,17,288.8,287,282.1,286.3,284.9,286.9,289.5,289,285,281.9,288.8,288.3,286,284.7,282.1,281.9,285,286.3,282.4,289,286.9
2019,4,18,280.6,286.5,280.6,289.5,289.2,282.9,282.6,285,280.7,283.3,280.6,280.8,289.3,288.7,280.6,283.3,280.7,289.5,277.5,285,282.9
2019,4,19,279.4,278.2,280.6,284.7,289.6,280.5,280.4,280.2,277.4,286.7,279.4,279.4,280,281.3,280.6,286.7,277.4,284.7,278.2,280.2,280.5
2019,4,20,276.9,275.2,288.2,280,282.1,278.8,280.9,282,278.2,280.1,276.9,276.6,276.6,277.6,288.2,280.1,278.2,280,283,282,278.8
2019,4,21,280.6,278,283.6,280.4,284.2,281.8,283.2,287.3,288.5,280,280.6,279.2,279.8,280.5,283.6,280,288.5,280.4,285.8,287.3,281.8
2019,4,22,283.5,282.3,284.3,283.8,281,284.8,285.8,289.6,286.4,282.5,283.5,283.4,279.6,283.3,284.3,282.5,286.4,283.8,284.9,289.6,284.8
2019,4,23,285.7,284,279.3,287.8,287.4,286.7,288.6,291.5,285.7,284.6,285.7,285.7,281.9,286.4,279.3,284.6,285.7,287.8,280,291.5,286.7
2019,4,24,288.5,286.1,279.3,288.8,286.7,289.2,290,286.9,283.4,287,288.5,288.2,287,286.7,279.3,287,283.4,288.8,280.2,286.9,289.2
2019,4,25,285.1,287.4,285.3,292,290.3,288.1,287.2,288,280.6,289.7,285.1,285.3,287.4,288.1,285.3,289.7,280.6,292,283.2,288,288.1
2019,4,26,280.2,279.1,285.4,281.9,282.3,281.4,283.1,288.9,281,287.7,280.2,279.9,280.1,280.5,285.4,287.7,281,281.9,284.9,288.9,281.4
2019,4,27,284.5,280.8,286.5,286,284.7,283.4,285.5,289.8,280.5,285,284.5,283.2,282.2,282.6,286.5,285,280.5,286,284.8,289.8,283.4
2019,4,28,285.6,287.2,285.4,288.4,284.6,287.4,287.5,290.5,280.6,284.2,285.6,285.3,282.8,285.5,285.4,284.2,280.6,288.4,285.3,290.5,287.4
2019,4,29,287.9,285.8,285.7,288.8,283.4,288.2,290.6,293,288.9,284.5,287.9,287.7,283.3,287.6,285.7,284.5,288.9,288.8,284.9,293,288.2
2019,4,30,291.2,288.4,283.7,289.7,288.6,290,293,296.6,286.4,283.8,291.2,291.8,288.4,289.6,283.7,283.8,286.4,289.7,283.5,296.6,290
2019,5,1,291.5,290.1,283.3,289.2,291.6,290.4,294.7,290.4,285.7,283.3,291.5,290.9,289.9,291.4,283.3,283.3,285.7,289.2,283.5,290.4,290.4
2019,5,2,291.9,290.7,283.4,289.9,290.2,290.2,292.2,290.6,285.6,284.3,291.9,291.8,291.2,290.8,283.4,284.3,285.6,289.9,284.5,290.6,290.2
2019,5,3,291.8,290.8,283.9,292.6,292.9,291.5,292.8,290.1,285.7,283.9,291.8,291.5,291.1,292.9,283.9,283.9,285.7,292.6,286.4,290.1,291.5
2019,5,4,288.1,289.7,285.1,292.2,292.6,289,288.1,290.1,284.5,284.7,288.1,287.9,291.4,292.6,285.1,284.7,284.5,292.2,286.6,290.1,289
2019,5,5,283.3,284.2,285.5,291.3,287.4,284.3,288.2,291.4,285.5,284.3,283.3,282.9,285.5,286.4,285.5,284.3,285.5,291.3,287.8,291.4,284.3
2019,5,6,284.9,284.5,286.7,289.9,284,286,290.6,292.5,288.1,284.9,284.9,284.2,285.5,285.8,286.7,284.9,288.1,289.9,288.7,292.5,286
2019,5,7,287.7,287.1,282,290.4,287,288.5,293.4,293.4,288.3,284.5,287.7,288.1,286.9,288.8,282,284.5,288.3,290.4,285.5,293.4,288.5
2019,5,8,290.5,290.5,282.6,289.4,289.9,291.1,291.9,292.8,284.4,285.8,290.5,290.5,288.7,291.6,282.6,285.8,284.4,289.4,281.6,292.8,291.1
2019,5,9,289.4,287.8,283.2,289.5,287.6,290.5,292.2,287.9,278.2,287.3,289.4,289.3,289.6,290.6,283.2,287.3,278.2,289.5,279.5,287.9,290.5
2019,5,10,286.8,290.4,286.5,291.2,290.9,291.4,292,287.5,279.7,286.2,286.8,286.5,292.7,291.4,286.5,286.2,279.7,291.2,279.3,287.5,291.4
2019,5,11,286.4,290.3,286.1,292.5,292.8,291,290.9,289.1,281.5,286.3,286.4,286.2,292.3,292.4,286.1,286.3,281.5,292.5,280.6,289.1,291
2019,5,12,284.1,284.2,282.3,293.4,287.6,286.3,286.7,287.4,282,287.2,284.1,283.8,291.3,290.9,282.3,287.2,282,293.4,282.9,287.4,286.3
2019,5,13,280.4,281.5,282.8,285.7,284.2,284.5,286.2,289.3,284.3,286.2,280.4,280.3,285.4,284.1,282.8,286.2,284.3,285.7,283.6,289.3,284.5
2019,5,14,282.8,283.1,286.3,282.7,279.1,286.1,288,291.6,288.5,287.3,282.8,282.8,284.3,283.2,286.3,287.3,288.5,282.7,284.5,291.6,286.1
2019,5,15,285.6,284.4,288.5,285.1,283,288.9,290.4,291,290.2,287.1,285.6,286.2,284.9,287.1,288.5,287.1,290.2,285.1,287.9,291,288.9
2019,5,16,286.5,290.8,289.4,290.5,285.9,290.6,290.1,292.1,291.8,281.2,286.5,288.3,290.2,289.6,289.4,281.2,291.8,290.5,289.7,292.1,290.6
2019,5,17,292.2,290.8,285.4,293.5,290.3,291.7,292,295,293.2,280.9,292.2,292.1,290.3,290.3,285.4,280.9,293.2,293.5,289.9,295,291.7
2019,5,18,291.8,292,284.3,293.3,292.6,292.7,292.9,298.5,284.3,280.9,291.8,291.5,288.6,289.2,284.3,280.9,284.3,293.3,280.8,298.5,292.7
2019,5,19,289,291.4,284.9,293.1,293.8,291.9,293,298.1,285.8,281.7,289,288.9,291.4,290.9,284.9,281.7,285.8,293.1,282.6,298.1,291.9
2019,5,20,290.8,290.7,277.1,293.1,292.4,293.2,296,298.9,287.6,281.2,290.8,290.8,292.6,291.4,277.1,281.2,287.6,293.1,283.2,298.9,293.2
2019,5,21,293.3,291.9,278.2,294.7,284.4,294.3,297.5,292.9,284.6,283,293.3,293.5,289.5,288.9,278.2,283,284.6,294.7,283.7,292.9,294.3
2019,5,22,295,290.6,284.4,291,286.1,292.7,297.1,299.1,285.5,284.4,295,295,292,292.3,284.4,284.4,285.5,291,287.5,299.1,292.7
2019,5,23,292.5,292.4,281.1,294.5,293,294.2,294.2,298.1,294.6,285.1,292.5,292.5,292.3,292.7,281.1,285.1,294.6,294.5,287.9,298.1,294.2
2019,5,24,292.9,293.3,281.5,294.3,288.9,294.2,294,296.3,291.1,284.9,292.9,293.2,292.2,291.8,281.5,284.9,291.1,294.3,289.2,296.3,294.2
2019,5,25,292.5,292.4,283.2,296.6,294.7,292.3,294.3,296.9,291.2,285.1,292.5,293.2,292.9,291.9,283.2,285.1,291.2,296.6,291.2,296.9,292.3
2019,5,26,294.2,293.3,284.9,294.8,294.4,294.1,294.3,295.7,291.9,280.7,294.2,293.7,294.4,293.6,284.9,280.7,291.9,294.8,290.9,295.7,294.1
2019,5,27,294.6,292.4,284.3,294.1,292.4,295.3,295.4,296.7,294.3,280.5,294.6,294.3,291.5,292.3,284.3,280.5,294.3,294.1,290.4,296.7,295.3
2019,5,28,296.4,293.4,283.3,293.8,294.1,293.8,295.2,298.4,291.1,286.1,296.4,296.4,291.8,291,283.3,286.1,291.1,293.8,286.7,298.4,293.8
2019,5,29,294.4,292.3,285,296.3,293.8,294.1,294.2,295.5,286.9,287.9,294.4,294.4,290.6,290.7,285,287.9,286.9,296.3,286,295.5,294.1
2019,5,30,289,293.2,287.1,297,292.9,292.5,294.7,294.8,287.4,288.1,289,289,295.1,294.1,287.1,288.1,287.4,297,287,294.8,292.5
2019,5,31,288.8,288.9,287,291.2,290.3,291.4,294.1,295.4,288.8,289.3,288.8,288.7,294.3,290.1,287,289.3,288.8,291.2,289.2,295.4,291.4
2019,6,1,291.4,289.4,288,290.8,289.5,291.8,294.6,296.6,291.7,289.8,291.4,291.1,292.3,289.8,288,289.8,291.7,290.8,289,296.6,291.8
2019,6,2,290.5,290.1,287.3,291.7,291.9,293.3,294.6,296.9,292.4,289.9,290.5,290.3,291.4,291.3,287.3,289.9,292.4,291.7,288.9,296.9,293.3
2019,6,3,291.6,291.6,288,292.9,284,294.7,295.5,297,292.4,290.4,291.6,291.2,292,291.8,288,290.4,292.4,292.9,289.8,297,294.7
2019,6,4,291.9,294.4,288.4,293.1,289.8,296.2,296.5,296,292.5,292.7,291.9,291.6,292.6,293.9,288.4,292.7,292.5,293.1,289.1,296,296.2
2019,6,5,294.5,293.3,289.5,294.7,293.3,294.3,294.4,294.4,293.1,293.6,294.5,294.8,294.3,295.1,289.5,293.6,293.1,294.7,287.2,294.4,294.3
2019,6,6,293.8,294,290.1,295.6,294.3,294.4,295.4,295.3,291.5,287.5,293.8,293.8,295.6,294.8,290.1,287.5,291.5,295.6,288.1,295.3,294.4
2019,6,7,293.7,292.9,293,294.3,294.3,294,293.5,295.9,290.6,286.1,293.7,293.6,295.4,293.9,293,286.1,290.6,294.3,290.1,295.9,294
2019,6,8,293.6,292.9,286.2,295.2,293.8,293.8,293.1,296.5,292.2,286.4,293.6,293.6,296,294.6,286.2,286.4,292.2,295.2,291.6,296.5,293.8
2019,6,9,293.5,293.4,288,294.4,294.2,294.6,294.9,297.3,287,287.6,293.5,293.3,294.6,294,288,287.6,287,294.4,287.5,297.3,294.6
2019,6,10,285.1,287.8,289.2,295.1,293.6,290,291.5,294.9,286.1,292.5,285.1,284.7,294.1,292.2,289.2,292.5,286.1,295.1,286.6,294.9,290
2019,6,11,287,288.3,289.7,291.6,286,287.7,289.7,292.8,287.4,292.3,287,286.7,291.6,293.8,289.7,292.3,287.4,291.6,288.6,292.8,287.7
2019,6,12,286.6,288.6,291.6,290.6,291.7,287.8,290.6,294.4,284.9,293.7,286.6,286.8,289.9,289.9,291.6,293.7,284.9,290.6,286.7,294.4,287.8
2019,6,13,284,284.7,292.6,287.4,286.9,286,290.1,295,286.8,291.1,284,283.6,287,286.9,292.6,291.1,286.8,287.4,288.8,295,286
2019,6,14,287.2,290.3,290.2,286.3,283.7,289.2,292.4,295.6,289.8,290.6,287.2,287.5,290.1,289.4,290.2,290.6,289.8,286.3,292,295.6,289.2
2019,6,15,295,292.3,289.2,290.4,290,293.7,295.8,296.5,291.4,289.9,295,294.4,292.6,292.2,289.2,289.9,291.4,290.4,290.1,296.5,293.7
2019,6,16,295.1,293.1,289.7,294.8,295,294,293.3,289.4,291,289.1,295.1,295.2,293.7,293.6,289.7,289.1,291,294.8,289,289.4,294
2019,6,17,294.2,294.8,290.8,295.6,294.9,294.8,293.9,292.9,291,291.1,294.2,294.2,295.2,294.8,290.8,291.1,291,295.6,289.8,292.9,294.8
2019,6,18,294.6,293.9,292.6,296.6,294.4,294.9,295.4,297.3,290.9,294.1,294.6,294.5,295.3,295.1,292.6,294.1,290.9,296.6,289,297.3,294.9
2019,6,19,292.7,293.7,289.3,296.9,296,292.9,294.4,294.9,291.5,293.1,292.7,292.9,297.2,296.3,289.3,293.1,291.5,296.9,291.2,294.9,292.9
2019,6,20,293.2,292.5,289.2,294.8,294.2,295.1,295.8,298.7,294.2,289.7,293.2,292.8,298,296.4,289.2,289.7,294.2,294.8,292.6,298.7,295.1
2019,6,21,292.9,292.3,290.8,294.1,288.9,296.5,298.3,301.4,298.6,287.7,292.9,292.8,297.1,297.9,290.8,287.7,298.6,294.1,293.9,301.4,296.5
2019,6,22,294,293.3,292.6,293.4,286.3,295.6,298.9,300.2,295.9,288,294,293.6,297,294,292.6,288,295.9,293.4,293.5,300.2,295.6
2019,6,23,293,294.2,287.5,294,289.5,298.4,292.2,294,289.4,290,293,293,297.1,295.4,287.5,290,289.4,294,290.2,294,298.4
2019,6,24,292.4,292,287.5,294.1,296,293.1,292.7,294.1,290.1,291.7,292.4,292.4,295,294.6,287.5,291.7,290.1,294.1,289.8,294.1,293.1
2019,6,25,292.9,294.4,288.7,295,293.6,294.6,295,295.3,292.7,291.1,292.9,294.1,294.7,295.2,288.7,291.1,292.7,295,291.1,295.3,294.6
2019,6,26,292.6,293.9,290.8,293.4,292.4,293.6,295.6,295.7,295.4,288.5,292.6,292.5,293.7,293.6,290.8,288.5,295.4,293.4,293.2,295.7,293.6
2019,6,27,292,292.3,292.1,293.2,293.5,291.5,294,295.2,295.6,287.5,292,292.2,293.4,292.9,292.1,287.5,295.6,293.2,294.3,295.2,291.5
2019,6,28,292.7,293.1,296.3,292.6,292.9,292.5,293.8,296.5,295.1,286.9,292.7,292.8,292.7,294.9,296.3,286.9,295.1,292.6,292.1,296.5,292.5
2019,6,29,293.8,293.5,295.7,295.1,295.9,294.2,293.8,293.7,293.8,287.8,293.8,293.8,293.2,293.7,295.7,287.8,293.8,295.1,291.8,293.7,294.2
2019,6,30,295.1,294.4,293.7,297.1,293.3,295,293.9,294.8,293.4,289.6,295.1,295.3,293.3,294.2,293.7,289.6,293.4,297.1,291.8,294.8,295
2019,7,1,294.3,295.1,295.2,294.5,289.8,294.9,294.9,295.9,294.7,288,294.3,294.6,296,295.6,295.2,288,294.7,294.5,293.3,295.9,294.9
2019,7,2,296.1,295.7,295.1,297.2,294.4,296.5,295.9,295.8,295.5,286.8,296.1,295.9,295.8,297,295.1,286.8,295.5,297.2,292.8,295.8,296.5
2019,7,3,296.3,294.7,292.5,296,294.4,294.9,295.3,295.9,293.2,286.7,296.3,296.4,295.6,295.9,292.5,286.7,293.2,296,292.8,295.9,294.9
2019,7,4,295.6,294.7,294,295.2,294.2,294.4,296.1,297.8,295.9,288.1,295.6,295.4,296.3,295.5,294,288.1,295.9,295.2,293.8,297.8,294.4
2019,7,5,294,295.3,294.6,295.7,295.6,295.7,296.1,296.8,294,289.9,294,294,296,295.1,294.6,289.9,294,295.7,293.9,296.8,295.7
2019,7,6,294.6,295,293.5,297,297.1,295.8,296.6,296.7,293.9,290.1,294.6,294.6,296.5,296.1,293.5,290.1,293.9,297,292,296.7,295.8
2019,7,7,295.5,294.2,289.1,297.3,295.7,295,296,297.8,294.9,288.7,295.5,295.1,294.9,295.9,289.1,288.7,294.9,297.3,292.1,297.8,295
2019,7,8,295.3,294.8,289.5,297,293.5,295.6,297.1,298.4,295,287.6,295.3,295.7,295.1,296.4,289.5,287.6,295,297,293.9,298.4,295.6
2019,7,9,295,295.3,291.3,296,289,297.1,298,297.7,295.3,287.9,295,296.3,295,296.6,291.3,287.9,295.3,296,292.4,297.7,297.1
2019,7,10,295,296.2,295.9,296.8,295,296.2,296.6,295.5,295.1,290.6,295,295.2,297.5,296.8,295.9,290.6,295.1,296.8,294.1,295.5,296.2
2019,7,11,294.8,296.5,297.5,298.3,294.8,296.7,297.4,297.2,290.2,291.7,294.8,294.3,297.1,295.8,297.5,291.7,290.2,298.3,293.1,297.2,296.7
2019,7,12,296,295.8,294.1,298.2,296,296.6,297.8,298.5,291.5,291.4,296,295.8,295.9,294.7,294.1,291.4,291.5,298.2,292.2,298.5,296.6
2019,7,13,295.7,296.3,294.7,295.6,294.2,296.1,295.1,297,293.5,292.1,295.7,295.9,296.3,293.7,294.7,292.1,293.5,295.6,290.5,297,296.1
2019,7,14,293.9,293.6,296.9,296.5,295.1,295.2,295.4,297.8,292.3,292.1,293.9,294.1,296.4,293.7,296.9,292.1,292.3,296.5,292.2,297.8,295.2
2019,7,15,294,294.9,296.9,297,295.2,295,296.2,299,293.1,290.7,294,294.2,295.7,294.1,296.9,290.7,293.1,297,294.2,299,295
2019,7,16,295.8,295.2,295.4,298.4,296.6,296,297.6,298.6,294.6,290.4,295.8,296,294.6,294.7,295.4,290.4,294.6,298.4,296.2,298.6,296
2019,7,17,296,294.6,295.9,298.4,297.1,296.7,296.9,297.8,298,289.6,296,296.3,296.1,295.5,295.9,289.6,298,298.4,296.3,297.8,296.7
2019,7,18,297.2,295.8,298.2,296.7,296.3,296.1,296.9,297.2,297.4,291,297.2,297.3,296.8,295.4,298.2,291,297.4,296.7,297.1,297.2,296.1
2019,7,19,296.5,295.5,296.9,296.1,297.2,296.6,296.5,297.9,297.7,291.2,296.5,296.7,295.1,294.9,296.9,291.2,297.7,296.1,296.5,297.9,296.6
2019,7,20,296.6,295.9,297.6,297.5,297.9,296,296.7,296.7,295.8,291.4,296.6,296.7,294.8,294.4,297.6,291.4,295.8,297.5,296.2,296.7,296
2019,7,21,296.7,295.8,300.3,297.8,297.5,295.8,295.2,297.3,295.3,292.1,296.7,296.9,294.4,294.6,300.3,292.1,295.3,297.8,295.5,297.3,295.8
2019,7,22,291.8,293.3,294.7,297.9,296.4,295.9,296,297.8,289.3,294.3,291.8,291.9,294.7,295.9,294.7,294.3,289.3,297.9,290.6,297.8,295.9
2019,7,23,288.4,287.9,294.9,291.7,291.7,290.4,290.2,293.6,287.8,294.9,288.4,288.2,292.8,293,294.9,294.9,287.8,291.7,289.2,293.6,290.4
2019,7,24,286.7,288.1,296.4,292,290.1,290,290.3,292.1,289,295.2,286.7,286.9,290.9,290.4,296.4,295.2,289,292,289.1,292.1,290
2019,7,25,288.5,290.2,298.1,293.3,289.8,290.8,291.7,292.2,290.4,295.9,288.5,288.9,290.9,291.1,298.1,295.9,290.4,293.3,290.1,292.2,290.8
2019,7,26,289.8,291.2,298.1,291.9,289.2,292.1,293.3,293.7,290.6,293.7,289.8,290.7,291.8,290.8,298.1,293.7,290.6,291.9,291.1,293.7,292.1
2019,7,27,292.9,292.1,297.7,292.2,289.1,292.4,294.7,296.1,291.3,293.3,292.9,292.8,292.1,291.3,297.7,293.3,291.3,292.2,292.4,296.1,292.4
2019,7,28,293.4,292.2,299.3,291.9,291.3,292.7,294.9,297.2,294.2,294.2,293.4,293.4,291.6,291.2,299.3,294.2,294.2,291.9,293.8,297.2,292.7
2019,7,29,293.9,294.1,294.8,291.9,291.9,293.8,295.1,298.6,293.8,291.2,293.9,293.9,291.7,292.6,294.8,291.2,293.8,291.9,291.6,298.6,293.8
2019,7,30,293.8,294.1,294.3,294.4,293.9,294.6,294.2,297.1,293.9,289.9,293.8,293.7,292.3,294.7,294.3,289.9,293.9,294.4,293,297.1,294.6
2019,7,31,292.3,293.8,294.1,294,292.3,293.7,294.7,297.3,295.3,290.7,292.3,292.5,294.1,293.7,294.1,290.7,295.3,294,294,297.3,293.7
2019,8,1,291.5,293.3,293.4,293.8,295,294.1,294.5,297.4,297.3,290.1,291.5,291.5,294.4,293.8,293.4,290.1,297.3,293.8,294.9,297.4,294.1
2019,8,2,292.8,294.3,296,295.1,293.4,293.7,294,298,294.3,290.4,292.8,292.7,292.9,294,296,290.4,294.3,295.1,295.5,298,293.7
2019,8,3,294.1,293.4,296,295.4,292.6,294.2,294.3,298.6,294.1,291,294.1,294,293.2,293.5,296,291,294.1,295.4,293,298.6,294.2
2019,8,4,292.9,293,296.1,294.9,294,293.7,295.3,297.3,294.4,292.8,292.9,292.5,294.7,293.9,296.1,292.8,294.4,294.9,293.1,297.3,293.7
2019,8,5,293.1,292.5,297.6,294.6,292.4,294.6,296.3,297.9,295,293.2,293.1,293,294.5,294.3,297.6,293.2,295,294.6,294.5,297.9,294.6
2019,8,6,293.7,292.2,297.6,296.3,294.2,296.4,297.4,298.5,296.8,292.7,293.7,294,295.8,295.4,297.6,292.7,296.8,296.3,296,298.5,296.4
2019,8,7,292.5,293.7,296.6,296.6,293.8,296.4,297.6,299,297.2,291.9,292.5,292.4,296.2,295.4,296.6,291.9,297.2,296.6,297.6,299,296.4
2019,8,8,293.6,294.7,295.9,296,293,296.4,297.2,299,294.3,289.5,293.6,293.3,295.8,294.8,295.9,289.5,294.3,296,296.4,299,296.4
2019,8,9,295.7,295.8,296,295.6,292.4,296.2,297.3,298,296.1,288.7,295.7,295.7,295,296.3,296,288.7,296.1,295.6,295.8,298,296.2
2019,8,10,293.9,294.8,291.5,296.6,291.8,296.4,297.9,297.8,296.9,290.6,293.9,293.7,295,297.1,291.5,290.6,296.9,296.6,296.5,297.8,296.4
2019,8,11,296.8,293.1,292.2,296.3,290.1,296,297.8,298.8,297.3,288.9,296.8,295.4,296.1,296.8,292.2,288.9,297.3,296.3,295,298.8,296
2019,8,12,296.8,293.9,292.1,296.4,293.7,297.5,297.6,299.6,296.8,289,296.8,296.5,297.4,296.9,292.1,289,296.8,296.4,293.7,299.6,297.5
2019,8,13,294.8,294.5,292.8,298,295.1,296.8,298.4,299.5,293.8,290.7,294.8,294.7,297.1,296.9,292.8,290.7,293.8,298,293.2,299.5,296.8
2019,8,14,293.1,292.5,295,296.8,296.2,293.9,297.3,297.9,293.5,292,293.1,293,296.4,296.3,295,292,293.5,296.8,293.2,297.9,293.9
2019,8,15,291,291.5,296.8,297.1,294.3,292.4,295.4,298.6,294,293.1,291,290.8,294.6,292.8,296.8,293.1,294,297.1,293.8,298.6,292.4
2019,8,16,291.5,291.1,294.9,296.2,294.8,291.8,296,299,297.3,293,291.5,292.2,293.2,291.3,294.9,293,297.3,296.2,294.8,299,291.8
2019,8,17,293.5,291.2,295,296.8,294.1,293.2,297,299.1,296.9,290.9,293.5,293.8,294.7,294.2,295,290.9,296.9,296.8,295.5,299.1,293.2
2019,8,18,294.5,292.1,290.6,297.1,295,295.6,297,298.8,293.9,289.5,294.5,294.4,295.4,295.9,290.6,289.5,293.9,297.1,296.1,298.8,295.6
2019,8,19,295.1,293.9,290,297.2,294.9,294.4,296,298.8,296.6,289.8,295.1,295.1,295.1,294.2,290,289.8,296.6,297.2,296.2,298.8,294.4
2019,8,20,294.2,294,293.4,296.9,295.1,294.9,295.8,298.1,296,290.2,294.2,294.1,295.2,294.2,293.4,290.2,296,296.9,294.2,298.1,294.9
2019,8,21,295.1,294.8,295.3,296.9,295.6,295.5,296.2,297.6,293.2,289.7,295.1,294.7,294.7,294.6,295.3,289.7,293.2,296.9,293,297.6,295.5
2019,8,22,294.6,295.3,295.6,296.7,295.4,296.2,296.3,298,293.2,292.3,294.6,294.5,295.4,294.9,295.6,292.3,293.2,296.7,292,298,296.2
2019,8,23,294.7,293.8,293.9,295.4,292.7,296.2,296.4,298.1,293.6,294.3,294.7,294.4,295.9,295.6,293.9,294.3,293.6,295.4,291,298.1,296.2
2019,8,24,294.9,294.5,293.4,291.8,292.2,296.1,296.6,296.8,294.4,294.3,294.9,294.6,294.3,295.9,293.4,294.3,294.4,291.8,291.1,296.8,296.1
2019,8,25,294.5,293.8,297.6,292.2,290.3,295.9,296.5,298.8,292.5,294.6,294.5,294.3,295.6,295.1,297.6,294.6,292.5,292.2,293.1,298.8,295.9
2019,8,26,295.2,293.8,295.9,292.5,291.5,295.9,297.5,300.3,294.6,294.4,295.2,295.3,294.6,295.2,295.9,294.4,294.6,292.5,294,300.3,295.9
2019,8,27,292.6,293.5,295.8,293.8,293.3,295.8,296.4,298.8,289.8,294.3,292.6,292.5,294,294.1,295.8,294.3,289.8,293.8,293.1,298.8,295.8
2019,8,28,286.3,288.8,292.7,292.5,291.2,292.4,294.7,297.4,290.5,293.9,286.3,286.4,293.3,291,292.7,293.9,290.5,292.5,292.1,297.4,292.4
2019,8,29,288.1,287.5,292.2,288.9,287.8,287.7,295.1,297.4,292.7,292.3,288.1,287.3,290.6,288.8,292.2,292.3,292.7,288.9,292,297.4,287.7
2019,8,30,289.7,289.6,293.3,290.9,288.9,289.6,295.1,297,290.5,291.4,289.7,289.8,291.8,290.4,293.3,291.4,290.5,290.9,291.3,297,289.6
2019,8,31,291,291.3,296.3,292.8,290.2,291.7,293.3,296.7,290.5,291.7,291,291,295.1,292.5,296.3,291.7,290.5,292.8,291.5,296.7,291.7
2019,9,1,292.1,291.6,294.9,294.6,293.2,293,294.1,294.7,291.9,291.7,292.1,291.9,293.7,293.4,294.9,291.7,291.9,294.6,292.2,294.7,293
2019,9,2,291.3,292,294.2,293.7,292.3,293.9,294.8,295.6,292.7,293.9,291.3,291.3,292.6,292.6,294.2,293.9,292.7,293.7,291.7,295.6,293.9
2019,9,3,291.7,292.2,296,294.7,292.5,293.4,294.5,296.4,292.4,293.8,291.7,291.7,293.7,292.9,296,293.8,292.4,294.7,291.2,296.4,293.4
2019,9,4,292.4,294.5,297,296.1,294.2,294.4,294.1,295.2,292.6,293,292.4,292.5,295.3,294,297,293,292.6,296.1,291.2,295.2,294.4
2019,9,5,289.2,288.6,295.9,295.8,295.4,290,294.6,295.9,292.5,294.4,289.2,289.1,291.3,289.4,295.9,294.4,292.5,295.8,290.6,295.9,290
2019,9,6,290,289.6,298.1,292.2,288.6,291.2,295.2,295.9,292.7,292.1,290,289.9,292.9,290.6,298.1,292.1,292.7,292.2,291.2,295.9,291.2
2019,9,7,288.6,289.7,293.7,294.2,291.1,294.9,295.5,295.5,292.9,286.4,288.6,288.5,294.9,293.4,293.7,286.4,292.9,294.2,292,295.5,294.9
2019,9,8,291.1,288.6,293.1,296,293.8,293.4,295.9,295.6,294.5,285.6,291.1,290.3,296,294.5,293.1,285.6,294.5,296,292.5,295.6,293.4
2019,9,9,291.7,290.4,295.3,294.5,291.9,294.5,294.3,295.4,294.7,286,291.7,291.9,293.4,293.7,295.3,286,294.7,294.5,292.4,295.4,294.5
2019,9,10,292.3,293.1,295.9,295.3,290.3,294.5,294.5,295.2,294.3,286,292.3,292.3,293.6,294.1,295.9,286,294.3,295.3,292.3,295.2,294.5
2019,9,11,293.4,292.7,293.7,294.2,292.7,294.3,294.1,295,294.3,285.7,293.4,293,293.1,292.8,293.7,285.7,294.3,294.2,291.8,295,294.3
2019,9,12,293.7,293,291,294.4,294.6,294.2,294,294.7,292.3,286.7,293.7,293.7,292.2,292.4,291,286.7,292.3,294.4,289.9,294.7,294.2
2019,9,13,291.9,294,292.5,295.5,291.3,295.1,294.4,295.2,292.3,288.1,291.9,291.8,291.7,292.9,292.5,288.1,292.3,295.5,290.1,295.2,295.1
2019,9,14,292.5,292.8,290.9,294.1,292.1,295,293.7,294.7,292.6,288.8,292.5,292,294,293.4,290.9,288.8,292.6,294.1,290.7,294.7,295
2019,9,15,292.2,291.3,292.1,294.2,291.6,293.6,294.3,295.1,293.4,287.7,292.2,292.3,293,293.3,292.1,287.7,293.4,294.2,290.4,295.1,293.6
2019,9,16,291.8,291.6,289.4,292.5,290.8,293.8,294.9,295.5,293.4,285.9,291.8,291.8,293.9,291.7,289.4,285.9,293.4,292.5,290.1,295.5,293.8
2019,9,17,292.1,292.4,288.8,293.4,285.3,293.1,295.3,296.4,293,285.2,292.1,292.2,294.5,292.8,288.8,285.2,293,293.4,290.7,296.4,293.1
2019,9,18,291.3,293.9,290.5,287.1,284.8,294.3,295.6,296,293.2,285.9,291.3,291.2,296,294.7,290.5,285.9,293.2,287.1,291.3,296,294.3
2019,9,19,293.4,292.4,290.9,285.8,281.1,294.4,294.9,296,293.4,285.3,293.4,293.4,290,288.3,290.9,285.3,293.4,285.8,291.7,296,294.4
2019,9,20,290.7,288.3,290,286.7,283.2,289.1,293.5,296.5,294,284.1,290.7,290.4,289.4,288.1,290,284.1,294,286.7,291.1,296.5,289.1
2019,9,21,290.1,288.3,289.4,288.1,288.1,289,293.7,295.8,294.9,284.6,290.1,290.1,287.7,287.8,289.4,284.6,294.9,288.1,291.9,295.8,289
2019,9,22,292.6,288.2,288.3,288.3,290.3,290.3,293.6,296.3,291.9,286.2,292.6,292,287.7,286.8,288.3,286.2,291.9,288.3,290.5,296.3,290.3
2019,9,23,286.2,290.3,290.4,290.8,292.3,292,293.4,297.8,291.8,288.7,286.2,286.2,288.1,289.4,290.4,288.7,291.8,290.8,290.8,297.8,292
2019,9,24,286.4,287.4,287.6,290.3,286,293.6,291.9,294.3,292.5,288.4,286.4,286.3,292.7,289,287.6,288.4,292.5,290.3,292.5,294.3,293.6
2019,9,25,289.6,291.8,289.9,292.8,289.2,293.7,291.1,294.7,292.3,288.6,289.6,290.2,293.7,291.9,289.9,288.6,292.3,292.8,292.7,294.7,293.7
2019,9,26,291.4,291.6,289.8,295.3,291.6,293.5,291.2,295,292.2,290.8,291.4,291.5,294.9,293.7,289.8,290.8,292.2,295.3,292.6,295,293.5
2019,9,27,292,293.7,288.1,293.6,293.2,292.3,292.5,296.1,295.9,288,292,292.2,292.4,295,288.1,288,295.9,293.6,290,296.1,292.3
2019,9,28,291.4,292.6,287.1,293.5,292.7,292.3,294,297.8,295.8,282.1,291.4,291.9,292.2,293.7,287.1,282.1,295.8,293.5,290.8,297.8,292.3
2019,9,29,292.5,292.7,287.5,294.6,291.8,292.9,294.2,297.2,296,280.6,292.5,292.6,291.8,291.5,287.5,280.6,296,294.6,292.4,297.2,292.9
2019,9,30,291.8,291.5,287.5,294.7,289.4,292.5,292.8,295.9,295.8,280.7,291.8,291.8,291.8,292.3,287.5,280.7,295.8,294.7,293.3,295.9,292.5
2019,10,1,292.1,293.4,286.5,293.5,291.6,294.3,293.5,296,297,279.5,292.1,292.2,293.5,293.4,286.5,279.5,297,293.5,294.9,296,294.3
2019,10,2,292.2,293.8,286.6,295.2,293.9,295.7,294.9,295.3,290.3,279.1,292.2,292.3,293.5,293.4,286.6,279.1,290.3,295.2,292.8,295.3,295.7
2019,10,3,290.7,294.9,287.1,295.9,294.9,296.2,294.7,295.5,286.5,280.8,290.7,290.3,294.9,293.7,287.1,280.8,286.5,295.9,287.2,295.5,296.2
2019,10,4,285.2,290.4,287.1,293,286,292.7,293.5,295.8,286.7,281.9,285.2,285.1,292.1,293.1,287.1,281.9,286.7,293,288.7,295.8,292.7
2019,10,5,285.9,292,286.6,290.3,287.3,292.7,293.7,296.1,287.9,280.6,285.9,286.3,293.6,294,286.6,280.6,287.9,290.3,286.3,296.1,292.7
2019,10,6,287.6,292.3,286,290.6,287.1,293.6,293.8,295.1,281.1,282.8,287.6,287.6,293.1,292.4,286,282.8,281.1,290.6,281,295.1,293.6
2019,10,7,282.6,289.2,290.4,293,289.9,290.1,290.3,290.6,280.3,284.6,282.6,282.7,291.9,292,290.4,284.6,280.3,293,280.8,290.6,290.1
2019,10,8,283.3,286.2,287.7,289.7,289,287.3,288.9,290,280.9,284.1,283.3,282.9,291.5,291.1,287.7,284.1,280.9,289.7,283,290,287.3
2019,10,9,284,287.3,285.8,287.6,287.3,287.9,289.6,292.3,288.5,282.3,284,284,291.9,290.7,285.8,282.3,288.5,287.6,288.2,292.3,287.9
2019,10,10,288.7,292,281.4,284.1,283.3,293.1,291.7,288.7,277,279.8,288.7,290.6,288.2,288,281.4,279.8,277,284.1,274.8,288.7,293.1
2019,10,11,276.6,284.5,280.4,285.7,280.3,285.1,285.2,282.6,273.6,279.4,276.6,276.5,290.4,287.5,280.4,279.4,273.6,285.7,273.8,282.6,285.1
2019,10,12,275.7,279.6,282.5,289.1,283.1,282.7,283.4,285.6,274,279.5,275.7,275.8,288.7,289.2,282.5,279.5,274,289.1,273.9,285.6,282.7
2019,10,13,277,278.4,283.1,292.2,288.3,283.5,286,288.6,277.9,279.9,277,276.4,290.2,289.1,283.1,279.9,277.9,292.2,280.9,288.6,283.5
2019,10,14,277.9,280.2,283.2,285.3,281,286.9,290.4,294.5,284.4,281,277.9,278.5,291.5,289.6,283.2,281,284.4,285.3,285.9,294.5,286.9
2019,10,15,281.8,290.9,284.4,286.9,283.7,290.5,294.5,293.4,278.3,280.3,281.8,283.2,293.4,293.2,284.4,280.3,278.3,286.9,278.7,293.4,290.5
2019,10,16,276.8,279.2,286.5,280.6,280.9,280.3,283,285.7,277.9,281.2,276.8,276.6,282.7,281.3,286.5,281.2,277.9,280.6,278.2,285.7,280.3
2019,10,17,276.7,278.6,288.8,279.2,276,280,283.3,283.6,280,283.4,276.7,276.7,283.4,281.6,288.8,283.4,280,279.2,279.2,283.6,280
2019,10,18,277.2,280.6,282.1,281.2,275.8,280.7,284.2,284,283.5,281.3,277.2,277.3,285.8,282.3,282.1,281.3,283.5,281.2,284.5,284,280.7
2019,10,19,281.4,287,281,283.2,278.7,286.9,284.5,291.1,280,280.4,281.4,280.7,288.8,287.7,281,280.4,280,283.2,283.1,291.1,286.9
2019,10,20,289.7,288.4,279.4,286.5,287.1,290,295,292.1,279.4,283,289.7,289.3,287.8,286.6,279.4,283,279.4,286.5,276,292.1,290
2019,10,21,281.2,285.4,279.3,288.7,287.2,286.3,282.1,284.8,276.3,282.1,281.2,281.8,290.4,288.3,279.3,282.1,276.3,288.7,275.8,284.8,286.3
2019,10,22,276.2,277.6,280.2,283.3,286.4,278.3,280.4,283.8,276.5,282.7,276.2,276.5,278.8,278.7,280.2,282.7,276.5,283.3,277.3,283.8,278.3
2019,10,23,277.1,277.4,280.3,280.4,277.9,278.4,280.3,286.2,283.9,283.4,277.1,277.1,278.4,279.3,280.3,283.4,283.9,280.4,280.9,286.2,278.4
2019,10,24,279,280.2,280.7,282,279.8,279.5,282.3,283.1,278.6,283.8,279,278.8,280.2,280.3,280.7,283.8,278.6,282,271.9,283.1,279.5
2019,10,25,285.5,287.9,280.1,287.1,284.9,288.1,286.9,282.1,278.7,282.6,285.5,284.8,292.8,291.8,280.1,282.6,278.7,287.1,271.8,282.1,288.1
2019,10,26,285.7,287.4,276.9,288.6,286.6,287,283.5,283,279.6,282.1,285.7,285.8,287,287.1,276.9,282.1,279.6,288.6,273.1,283,287
2019,10,27,286,285.7,279.3,286.6,284.5,287.2,283.4,283.3,276.6,280,286,286.1,282.6,282.8,279.3,280,276.6,286.6,274.6,283.3,287.2
2019,10,28,286.4,283.2,275.9,287.9,283.9,283.1,286.2,288.9,272.4,276.7,286.4,286.3,281.5,283,275.9,276.7,272.4,287.9,274.2,288.9,283.1
2019,10,29,286.3,285.7,273.8,290.8,286.7,283.9,286.8,283.1,273.1,275.8,286.3,286.3,291.3,291,273.8,275.8,273.1,290.8,272.9,283.1,283.9
2019,10,30,277.7,285.2,273.7,291.5,288.9,283.7,279.2,275.8,268.8,274.8,277.7,278,294,294.9,273.7,274.8,268.8,291.5,265.5,275.8,283.7
2019,10,31,271.8,272.8,274.6,280.5,279.4,273.5,274.1,273,268.2,274,271.8,271.1,273.9,274.3,274.6,274,268.2,280.5,265.5,273,273.5
2019,11,1,270.6,271.2,275.5,276.2,273.9,272.3,273.5,272.6,271.2,274.4,270.6,269.8,273.9,274.2,275.5,274.4,271.2,276.2,270.4,272.6,272.3
2019,11,2,271.7,271.9,281.5,276.5,274.1,273.6,274.8,276.8,271.2,274.2,271.7,270.7,275.3,273.7,281.5,274.2,271.2,276.5,270.7,276.8,273.6
2019,11,3,272.9,273.1,278.3,275,272.3,274,274.6,277.4,273.9,276,272.9,272.3,276.3,275.1,278.3,276,273.9,275,275,277.4,274
2019,11,4,274.7,276.9,277.7,276.8,273.9,277.5,279.5,285.6,275.4,277.3,274.7,274.7,278.6,280.1,277.7,277.3,275.4,276.8,274.9,285.6,277.5
2019,11,5,275.9,276.6,281.5,283.9,281.2,278.2,283.3,291.9,276.3,277.7,275.9,275.3,284.3,280.9,281.5,277.7,276.3,283.9,275.3,291.9,278.2
2019,11,6,277.7,278,284.2,282,274.2,278.9,283.6,288.3,274.4,279.3,277.7,277.5,285.3,280.9,284.2,279.3,274.4,282,273.5,288.3,278.9
2019,11,7,270.3,274.3,282.5,283.1,275.8,278.6,280.2,281,269.6,279.4,270.3,269.8,286,284.2,282.5,279.4,269.6,283.1,272.7,281,278.6
2019,11,8,267.6,269.4,284.2,271.9,270.5,270.5,273.2,278.6,269.8,279.9,267.6,267.3,276.1,274.4,284.2,279.9,269.8,271.9,274.5,278.6,270.5
2019,11,9,272.3,270.9,285.3,272.3,270.5,271.4,273,278.3,274.7,279.6,272.3,270.2,275,274.3,285.3,279.6,274.7,272.3,275.4,278.3,271.4
2019,11,10,277.5,273.9,282.5,273.5,272.9,275.5,276,280.4,276.6,278.6,277.5,276.9,277.5,274.6,282.5,278.6,276.6,273.5,275.9,280.4,275.5
2019,11,11,265.1,270.2,282.6,278.2,278.8,271.9,274.2,273.3,262.7,279.4,265.1,264.7,278.3,276.3,282.6,279.4,262.7,278.2,263.7,273.3,271.9
2019,11,12,262.2,264.4,276.6,270.1,270.1,265.6,267.5,270.6,262.2,280.3,262.2,261.9,267.8,268.1,276.6,280.3,262.2,270.1,264,270.6,265.6
2019,11,13,262.9,265.4,275.6,270.5,267,266.1,267.6,271.2,268.4,281.4,262.9,262.6,268.9,268.4,275.6,281.4,268.4,270.5,272.5,271.2,266.1
2019,11,14,266.5,275.4,276.7,272.8,268.6,274.6,275.8,274.7,269,281.3,266.5,268,277.2,277.1,276.7,281.3,269,272.8,272,274.7,274.6
2019,11,15,268.8,270.5,282.8,279.4,278.7,272.2,272.4,274.5,268.6,279.3,268.8,268.4,275.1,275.7,282.8,279.3,268.6,279.4,272,274.5,272.2
2019,11,16,269.4,270.6,277.1,278,278.3,271.1,271.9,274.8,273.9,278.9,269.4,269.5,274.9,275.2,277.1,278.9,273.9,278,275.8,274.8,271.1
2019,11,17,271.3,271.5,275.5,278.7,278.5,271.7,272.7,278.4,274,278.2,271.3,270.5,275.3,275.1,275.5,278.2,274,278.7,274.7,278.4,271.7
2019,11,18,273.2,273.5,275.9,278,278.6,273.6,275.7,280.4,275.5,278.4,273.2,273,273.8,274.6,275.9,278.4,275.5,278,274.6,280.4,273.6
2019,11,19,274.9,273.4,277.6,275.4,275.7,274.4,277.1,281.5,275,279.5,274.9,274.4,274.1,274.6,277.6,279.5,275,275.4,276.4,281.5,274.4
2019,11,20,275,274,282.1,274.7,271.7,274.5,280.2,289.6,285.9,280.4,275,274.4,275.5,274.7,282.1,280.4,285.9,274.7,283.3,289.6,274.5
2019,11,21,286.1,280.7,278.8,275.4,272.3,278.5,286.8,293.1,275.4,277.8,286.1,285.4,276.8,278.7,278.8,277.8,275.4,275.4,275.9,293.1,278.5
2019,11,22,279.1,285.2,276.1,279.6,276.1,285.3,282.1,279.5,273.5,276.9,279.1,279.2,282.5,281,276.1,276.9,273.5,279.6,273.9,279.5,285.3
2019,11,23,272.3,277.1,276.1,281.6,276.7,275.2,274.9,277.6,272.1,276.7,272.3,272.6,277.1,280.5,276.1,276.7,272.1,281.6,272.5,277.6,275.2
2019,11,24,272.7,273,273,272.9,272.6,272.8,273.2,272.8,272.7,273.1,272.7,272.8,271.6,272.5,273,273.1,272.7,272.9,273.1,272.8,272.8
2019,11,25,276.5,274,276.8,274.7,271.9,274.2,277.4,284.7,273.7,274.7,276.5,275.9,273,273.6,276.8,274.7,273.7,274.7,278.2,284.7,274.2
2019,11,26,282.8,281.4,273.5,275.5,273.3,282.6,289.1,286.4,272.8,276.1,282.8,283.4,278.1,278.5,273.5,276.1,272.8,275.5,268.3,286.4,282.6
2019,11,27,275.8,275.6,277.8,281.2,278.5,277.6,284.2,285.7,271.1,276.2,275.8,275.4,279.9,278.4,277.8,276.2,271.1,281.2,268.7,285.7,277.6
2019,11,28,277,276.7,279.6,279,274,277.8,283.6,285,275.4,277,277,276.2,277.9,278.1,279.6,277,275.4,279,273.3,285,277.8
2019,11,29,278.7,281.2,277.3,278.6,275.2,281.3,285.9,287.7,277.7,275.2,278.7,278.4,278.6,278.6,277.3,275.2,277.7,278.6,275.5,287.7,281.3
2019,11,30,281,283.7,273.4,281.7,278.3,283.1,284.3,283.4,274.1,275.6,281,280.9,283.1,279.6,273.4,275.6,274.1,281.7,269.7,283.4,283.1
2019,12,1,276.2,277.8,275.3,282.5,279,275.7,277.3,277.9,270.7,280.8,276.2,276.1,277.2,277.9,275.3,280.8,270.7,282.5,269.9,277.9,275.7
2019,12,2,270.6,274.8,274.8,274.2,276.1,272.5,273.5,276,270.4,280.5,270.6,270.4,271.7,272.1,274.8,280.5,270.4,274.2,271.6,276,272.5
2019,12,3,271.6,271.5,274.2,274.2,273.6,272.5,273.8,276.7,272.9,280.8,271.6,271.3,271.9,272,274.2,280.8,272.9,274.2,274.9,276.7,272.5
2019,12,4,273.1,272.4,281.3,275.5,273.6,274,277.6,280.3,272.3,280.5,273.1,273.6,272.7,272.5,281.3,280.5,272.3,275.5,276.8,280.3,274
2019,12,5,276,276.1,278,274.1,270,275.7,281.1,284.7,278.8,279.7,276,275.4,273.8,273.3,278,279.7,278.8,274.1,275.6,284.7,275.7
2019,12,6,275.6,279.8,279.7,277.5,270.6,282.7,283.7,280.7,269.8,280.5,275.6,275.6,278.7,278.7,279.7,280.5,269.8,277.5,274.2,280.7,282.7
2019,12,7,275.4,278.8,279.6,274.7,269.2,279.8,281.2,280.4,269.5,285.4,275.4,275.1,284,279.5,279.6,285.4,269.5,274.7,274.2,280.4,279.8
2019,12,8,279.4,282.5,282.9,274.6,269.9,281.6,281.4,283.4,276.7,280.6,279.4,278.7,285.3,284.8,282.9,280.6,276.7,274.6,281.9,283.4,281.6
2019,12,9,275.4,285.3,275.7,281,281.8,286,286.6,281.8,270.5,279.9,275.4,275.7,288.2,289.1,275.7,279.9,270.5,281,272.6,281.8,286
2019,12,10,268.2,271.7,274.9,281.7,277.7,272.9,277,279.5,269,279.9,268.2,268.1,278.6,278.5,274.9,279.9,269,281.7,270.9,279.5,272.9
2019,12,11,269.5,271,275.1,273.1,270.9,272,273.9,275.9,270.1,280.7,269.5,268.7,277.1,274.3,275.1,280.7,270.1,273.1,272,275.9,272
2019,12,12,271.3,272.1,274.7,273.8,271.5,272.4,274.3,276.9,277,280.7,271.3,270.6,280.1,275.5,274.7,280.7,277,273.8,273.9,276.9,272.4
2019,12,13,276.1,279.1,276.3,278.2,279,279.9,280.4,279.9,276.6,282,276.1,276.2,280.6,279.3,276.3,282,276.6,278.2,274,279.9,279.9
2019,12,14,276.5,278.7,276.8,276.1,276.4,280.3,280.2,280,272.1,278.5,276.5,276.2,278.7,277.3,276.8,278.5,272.1,276.1,273.7,280,280.3
2019,12,15,276.2,279,275,276.1,275.2,281.3,285.9,291.3,271.4,275.9,276.2,276.3,279,278.3,275,275.9,271.4,276.1,272.5,291.3,281.3
2019,12,16,274.3,278.1,270.7,277.5,275.7,278.1,278,277.2,266.1,274.4,274.3,274.3,290.1,287.5,270.7,274.4,266.1,277.5,267,277.2,278.1
2019,12,17,268.8,270.4,271.1,278.1,275.2,271.1,272.3,272.6,265.7,275.4,268.8,269.2,273.1,272.9,271.1,275.4,265.7,278.1,266.5,272.6,271.1
2019,12,18,268.7,269.7,273.2,272.4,269.9,270.6,271.4,271.6,267.6,275.5,268.7,268.5,271.2,270.6,273.2,275.5,267.6,272.4,266.4,271.6,270.6
2019,12,19,269.7,269.7,269.9,270,267.6,270.7,271.2,272.9,271.8,274.8,269.7,269.4,270.9,270.5,269.9,274.8,271.8,270,267.8,272.9,270.7
2019,12,20,271,272,269.4,270.1,267.9,271.4,273.4,282.1,276.8,275.1,271,270.7,272.7,271.8,269.4,275.1,276.8,270.1,268,282.1,271.4
2019,12,21,277.2,279.4,272.8,276.7,269.9,281,280.4,277.2,271.6,279.8,277.2,277,281,281.5,272.8,279.8,271.6,276.7,267.7,277.2,281
2019,12,22,280.9,281.3,278.4,276.5,270.3,282.6,281.7,275.2,270.9,281.9,280.9,280.9,282.7,281.9,278.4,281.9,270.9,276.5,270,275.2,282.6
2019,12,23,275.8,280.5,279,283.2,276.8,281.9,280.6,275.2,271.1,279.6,275.8,276,283.9,282.7,279,279.6,271.1,283.2,271,275.2,281.9
2019,12,24,277.4,279.6,278.6,278.2,274.7,280.8,280.8,277.3,278.1,278,277.4,276.7,282.4,281.9,278.6,278,278.1,278.2,274.5,277.3,280.8
2019,12,25,282.4,280.8,274.1,278,272.8,281,283.1,280.1,281.2,278.1,282.4,281.3,283.6,279.8,274.1,278.1,281.2,278,276.8,280.1,281
2019,12,26,284.2,283.4,275.9,280.6,273.4,286,286.2,286.1,275,274.9,284.2,284.7,284.7,280,275.9,274.9,275,280.6,278.4,286.1,286
2019,12,27,285.2,285.5,275.9,284.3,277.1,286.3,290.6,286.3,275.7,273.9,285.2,285.3,285.6,286.2,275.9,273.9,275.7,284.3,279.1,286.3,286.3
2019,12,28,288,288.1,269.8,283.9,279.8,288.5,288.7,288.8,275.4,273.6,288,288,290,288.6,269.8,273.6,275.4,283.9,272.4,288.8,288.5
2019,12,29,277.4,281.9,269.2,289.9,283.9,280.3,276.5,276.7,273,275.9,277.4,277.7,284.8,286.1,269.2,275.9,273,289.9,269.2,276.7,280.3
2019,12,30,276.1,276.9,272.2,280.7,277.5,276.5,274.7,274.8,269.9,276.3,276.1,276.2,274.7,277,272.2,276.3,269.9,280.7,269.4,274.8,276.5
2019,12,31,272.1,274.5,270.8,277.3,272.9,273.7,274.1,273.9,269.5,273.6,272.1,272.7,274.4,272.9,270.8,273.6,269.5,277.3,269.3,273.9,273.7
