2018,1,1,267,268.7,292.7,272.2,270.5,270.8,273.6,275.5,265.6,290.3,267,266.9,278,273.8,292.7,290.3,265.6,272.2,266.9,275.5,270.8
2018,1,2,269.2,271.7,292.1,274.3,271.9,273.5,274.3,273.7,267.3,289,269.2,268.8,279,277,292.1,289,267.3,274.3,272.8,273.7,273.5
2018,1,3,275.2,274.8,292.9,273,275.6,277.7,278.6,283.3,277,290.1,275.2,275.1,279.1,280,292.9,290.1,277,273,285.6,283.3,277.7
2018,1,4,269.7,271.1,294,275.9,271.8,275.7,281.6,285.1,278.6,293.2,269.7,269.6,278.9,278.3,294,293.2,278.6,275.9,284.1,285.1,275.7
2018,1,5,276.2,274.5,294.7,275.5,270,280.5,284.5,289.1,284.4,295.6,276.2,276.1,281.7,280,294.7,295.6,284.4,275.5,287.4,289.1,280.5
2018,1,6,274.8,275.1,294.8,273.5,268.3,282.2,288.6,292.1,283.8,289,274.8,274.7,284.1,282.2,294.8,289,283.8,273.5,290,292.1,282.2
2018,1,7,281.3,279.6,294.8,273,269.4,283,287.3,294.3,282.9,291.6,281.3,281.1,285.3,282.3,294.8,291.6,282.9,273,289.3,294.3,283
2018,1,8,279.8,279.7,294.8,284.2,279.7,282.6,288.2,291,285.5,288.9,279.8,279.8,286.2,282.6,294.8,288.9,285.5,284.2,290,291,282.6
2018,1,9,283.5,285.4,293.8,293.2,285.4,287.1,284.2,289.6,286.4,288.2,283.5,283.6,290.1,293,293.8,288.2,286.4,293.2,298.3,289.6,287.1
2018,1,10,290.3,290.7,288.2,292.3,286.1,290.1,289.6,294.7,288.8,288.6,290.3,290.1,293,293,288.2,288.6,288.8,292.3,296.6,294.7,290.1
2018,1,11,290.8,292.9,291.6,297.4,292.9,292.9,293,295.1,282.8,289.3,290.8,290.9,295.2,296,291.6,289.3,282.8,297.4,282,295.1,292.9
2018,1,12,269.8,286.2,293.3,296,294.9,279.3,278.3,283.4,273.3,288.3,269.8,269.8,288,289.2,293.3,288.3,273.3,296,283.1,283.4,279.3
2018,1,13,270.4,275.2,293.9,282.3,285.3,273.6,279.6,283.7,274.1,284.5,270.4,270.6,279.9,276.7,293.9,284.5,274.1,282.3,281.9,283.7,273.6
2018,1,14,273.6,275.6,293.8,277.7,271.9,278.1,281.2,287.7,283.2,286.2,273.6,273.4,284.6,281.1,293.8,286.2,283.2,277.7,287.4,287.7,278.1
2018,1,15,279,280.8,290.6,278.7,276.6,285.8,289.1,293.1,276.7,287.1,279,278.9,287.7,285.6,290.6,287.1,276.7,278.7,279,293.1,285.8
2018,1,16,265,270,286.1,284.1,279.5,273.2,274.6,271.2,266.4,286.5,265,265.3,282.3,282.8,286.1,286.5,266.4,284.1,272.7,271.2,273.2
2018,1,17,266.7,271.7,288.4,278.7,275.5,271.2,273.5,276.3,274.4,286.9,266.7,266.3,275.3,271.6,288.4,286.9,274.4,278.7,278.9,276.3,271.2
2018,1,18,275.6,276.9,292.2,279.9,275.8,278.2,280.2,277.5,283.7,286.1,275.6,275.9,278.7,280,292.2,286.1,283.7,279.9,283.6,277.5,278.2
2018,1,19,281.4,283.6,294.3,287.6,285.4,284,283.8,288.6,288.5,286.3,281.4,281.6,289.2,285.2,294.3,286.3,288.5,287.6,294.1,288.6,284
2018,1,20,288.1,290.4,289,289.5,288.9,293.2,291.7,293,293.3,286.7,288.1,288.4,293.6,290.4,289,286.7,293.3,289.5,298,293,293.2
2018,1,21,293.9,293.1,284.1,293.9,291.3,295.5,295.3,295.6,294.5,286.9,293.9,293.6,290.5,294.6,284.1,286.9,294.5,293.9,287.7,295.6,295.5
2018,1,22,292,290.4,286.5,292.1,291.5,293.6,292.2,290.8,282.2,288.8,292,291.7,293.3,291.9,286.5,288.8,282.2,292.1,284.7,290.8,293.6
2018,1,23,278.8,282.9,290.4,295.4,295.9,287.1,289.6,290.5,284.5,287.7,278.8,278.6,288.6,288.3,290.4,287.7,284.5,295.4,287.1,290.5,287.1
2018,1,24,283.1,283.9,291.9,288.1,285.7,286.3,289.8,291.5,288.5,291.9,283.1,283,285.1,286.6,291.9,291.9,288.5,288.1,288.5,291.5,286.3
2018,1,25,289.9,287,292.4,285.4,280.7,288.9,290.2,291.6,292.4,287.5,289.9,289.8,289.4,289.6,292.4,287.5,292.4,285.4,287.8,291.6,288.9
2018,1,26,290,288.4,291.8,287.7,284.4,288.4,292.5,293,289.6,287.1,290,290.2,292.5,289.3,291.8,287.1,289.6,287.7,290.4,293,288.4
2018,1,27,286.1,287.1,293,292.6,291.9,287.9,290.2,291.8,288.2,288.5,286.1,285.9,291.2,289.8,293,288.5,288.2,292.6,286.1,291.8,287.9
2018,1,28,287.8,286,295,289.6,288.2,287.9,288.9,293.8,290.6,290.7,287.8,287.3,290.6,289.1,295,290.7,290.6,289.6,290.3,293.8,287.9
2018,1,29,280.6,286.1,295.4,286,280.5,288.9,290.5,290,278.2,291,280.6,280.5,289.1,289.7,295.4,291,278.2,286,287.7,290,288.9
2018,1,30,279.3,281.1,295.3,281.3,276.9,282.2,285.9,290.8,288,292.9,279.3,278.8,283.5,283.4,295.3,292.9,288,281.3,294.4,290.8,282.2
2018,1,31,289.5,286.7,295.9,283.3,277.5,290.1,292.1,295.2,292.3,292.9,289.5,289.6,289.9,288.3,295.9,292.9,292.3,283.3,300.8,295.2,290.1
2018,2,1,284.6,289.4,296.4,292.1,289.3,293.1,295.8,295.8,281.9,293.8,284.6,284.5,293,292.2,296.4,293.8,281.9,292.1,284,295.8,293.1
2018,2,2,274.9,276.9,295.7,284.3,279.6,280,285.6,287.6,280.6,294.1,274.9,274.9,286.2,283.1,295.7,294.1,280.6,284.3,283.8,287.6,280
2018,2,3,284.6,285,298,279.8,276.3,285.6,287.1,286.9,285.7,296.2,284.6,284.4,289.4,286.6,298,296.2,285.7,279.8,296.7,286.9,285.6
2018,2,4,285.3,283.5,296.9,289.4,287.1,286.7,289,290.3,275.6,296.8,285.3,285.3,292.8,288,296.9,296.8,275.6,289.4,292,290.3,286.7
2018,2,5,280.2,281,297.5,286,281,285.3,287.4,286.6,277,297,280.2,280,292.4,289.2,297.5,297,277,286,294.8,286.6,285.3
2018,2,6,278.9,285.9,297.5,293.3,287.4,289.7,294.1,285.9,271.9,295.6,278.9,278.7,296.3,297.8,297.5,295.6,271.9,293.3,276.5,285.9,289.7
2018,2,7,275,285.1,293.6,295.1,292.6,287.5,283,278.9,278.6,299.1,275,274.9,295.7,291.9,293.6,299.1,278.6,295.1,285.6,278.9,287.5
2018,2,8,283.3,283.7,296.4,286.5,279,287.4,290.1,288.6,289,297.9,283.3,283.1,291.3,289.1,296.4,297.9,289,286.5,292.2,288.6,287.4
2018,2,9,291.9,291.4,298,290.2,285.7,292.2,293.2,290.3,289.7,297.6,291.9,291.7,292.4,289.8,298,297.6,289.7,290.2,297.4,290.3,292.2
2018,2,10,286.8,289.6,297.5,294.5,293,291.3,292,291.6,268,296.3,286.8,286.6,293.1,292.7,297.5,296.3,268,294.5,277.2,291.6,291.3
2018,2,11,277.3,292.1,294.2,297.2,296.9,292.1,285.2,275.4,274.2,293.9,277.3,276.8,292.5,292.1,294.2,293.9,274.2,297.2,280.9,275.4,292.1
2018,2,12,280.3,280.4,296.3,296.4,291.7,280.2,281.2,280.7,280.4,286.7,280.3,280.2,288.4,288.9,296.3,286.7,280.4,296.4,281.5,280.7,280.2
2018,2,13,287.1,289.2,295.3,282.8,278.7,287.7,289.8,282.5,284.8,290.5,287.1,287.1,295.6,292.3,295.3,290.5,284.8,282.8,288.8,282.5,287.7
2018,2,14,292.7,290.3,291.3,290.2,286.5,292.6,297.2,294.4,295.5,293.1,292.7,292.6,294.5,291,291.3,293.1,295.5,290.2,301.2,294.4,292.6
2018,2,15,297.6,296.2,286.4,298.3,295,299,299.7,299,299.4,291.3,297.6,297.9,297.8,296.2,286.4,291.3,299.4,298.3,300.5,299,299
2018,2,16,288.2,291.7,287.5,300.5,298.3,294.1,298,296.8,280.1,292.7,288.2,287.8,299.3,296.8,287.5,292.7,280.1,300.5,281.2,296.8,294.1
2018,2,17,281.7,289,291.4,289.3,281.4,294.1,297.5,289.8,288.4,295,281.7,281.8,299.4,299.2,291.4,295,288.4,289.3,287.3,289.8,294.1
2018,2,18,289.1,291,292.5,292.5,284.8,287.8,294.5,299.2,291.7,292.3,289.1,289.1,299.4,295.2,292.5,292.3,291.7,292.5,298.3,299.2,287.8
2018,2,19,297.2,297.1,292.9,290.1,286.6,299.1,300.8,299.2,294.1,285.1,297.2,297.3,299.8,299.5,292.9,285.1,294.1,290.1,297.3,299.2,299.1
2018,2,20,298.3,298.1,284.7,299.8,295.3,299.8,301.2,298.5,280.1,285.9,298.3,298.1,299.2,298.6,284.7,285.9,280.1,299.8,291.6,298.5,299.8
2018,2,21,286.9,299.5,289.2,300.4,297.8,301.2,298.6,283.3,271.2,287.4,286.9,286.4,300.3,301.1,289.2,287.4,271.2,300.4,272.9,283.3,301.2
2018,2,22,290.5,297.7,286.4,298.9,298.3,300.8,301.2,281.9,273.8,288.1,290.5,290.6,300.8,301.6,286.4,288.1,273.8,298.9,282.6,281.9,300.8
2018,2,23,297.1,298.4,289.7,299.6,289.9,299.3,300.8,297.1,277.1,285,297.1,297.1,300.1,301.4,289.7,285,277.1,299.6,285.5,297.1,299.3
2018,2,24,296,296.5,286.4,300,298,300,300.4,297.5,283.4,289,296,295.8,300,300.3,286.4,289,283.4,300,287.3,297.5,300
2018,2,25,285.1,286.5,289,300.2,298.1,288.4,291,288.8,289.7,289.8,285.1,284.9,296.7,295.3,289,289.8,289.7,300.2,290.1,288.8,288.4
2018,2,26,291.3,290.2,294.7,291.4,287.6,292.8,291.2,293.2,292.5,286.2,291.3,291.4,295.6,293.9,294.7,286.2,292.5,291.4,291.6,293.2,292.8
2018,2,27,294.3,292.6,294.6,290.8,287.6,294.9,296.9,299.7,287.1,285.3,294.3,294.2,297.1,294.1,294.6,285.3,287.1,290.8,291.2,299.7,294.9
2018,2,28,290,292.4,284.7,290.4,288.5,298,300.5,300.5,295.7,288.5,290,289.8,299,297.4,284.7,288.5,295.7,290.4,293,300.5,298
2018,3,1,291,289.5,292.5,298.5,288,293.1,295.1,296.1,289.2,288.9,291,291.1,300.7,299.6,292.5,288.9,289.2,298.5,289.6,296.1,293.1
2018,3,2,287.5,288,297,289.7,285.6,290.4,294.5,296.9,292.7,287.9,287.5,287.8,294.8,292.1,297,287.9,292.7,289.7,293.1,296.9,290.4
2018,3,3,289.4,289.1,298.5,288.5,285.7,292.7,295.3,296.3,294.6,286.2,289.4,289.5,295.9,294.6,298.5,286.2,294.6,288.5,297.9,296.3,292.7
2018,3,4,293.6,292.5,296.2,288.2,284.5,294.7,297.5,298,290.7,286.9,293.6,293.7,296.4,294.3,296.2,286.9,290.7,288.2,300.5,298,294.7
2018,3,5,288.3,288.5,293.1,288.5,282.9,295,299.3,301.3,289.6,290.1,288.3,288.1,297.3,294,293.1,290.1,289.6,288.5,289.1,301.3,295
2018,3,6,290.3,290.9,295.3,287.8,282.4,292.6,293.8,295.5,288,294.6,290.3,290.2,293.1,292.1,295.3,294.6,288,287.8,288,295.5,292.6
2018,3,7,279.5,280.1,295.9,287.9,285.6,285.2,288,290.6,285,295.9,279.5,279.5,287.3,286,295.9,295.9,285,287.9,288.1,290.6,285.2
2018,3,8,281,281.5,299.7,283.8,281.5,286.4,291,292.9,291.7,297.2,281,281.1,288.1,286,299.7,297.2,291.7,283.8,294.9,292.9,286.4
2018,3,9,292.8,289.5,299.7,286.9,282.3,292,294.1,295.7,294.6,296.5,292.8,292.7,294.7,290.6,299.7,296.5,294.6,286.9,298.6,295.7,292
2018,3,10,293.1,287.4,295.8,293.1,281.9,296.2,297.7,301.7,294.6,291.6,293.1,292.9,293.4,294.9,295.8,291.6,294.6,293.1,300.5,301.7,296.2
2018,3,11,285.2,288.4,295.2,291.2,280.9,289.8,293.3,295.7,284.9,294.3,285.2,284.9,290.1,287,295.2,294.3,284.9,291.2,287.1,295.7,289.8
2018,3,12,283.6,284,295.9,279.6,278.9,286.8,289.4,291.1,284.7,298.3,283.6,283.2,287.3,287.3,295.9,298.3,284.7,279.6,288,291.1,286.8
2018,3,13,283.8,285.3,299.2,286.1,282.4,287.5,291.2,293.5,287.9,295.3,283.8,283.7,289.2,288.5,299.2,295.3,287.9,286.1,290,293.5,287.5
2018,3,14,284.3,283,300.2,283,279.6,287.4,292.2,294.4,292.9,290.6,284.3,284.3,289.8,287.3,300.2,290.6,292.9,283,293.1,294.4,287.4
2018,3,15,295,292.9,293,293.5,289.6,294.3,295.3,296.1,298.3,290.3,295,294.9,293.6,293,293,290.3,298.3,293.5,299.8,296.1,294.3
2018,3,16,292.4,293.1,296.9,297.7,287.3,290.8,299.9,302.1,298.6,288.8,292.4,292.6,293.7,293.6,296.9,288.8,298.6,297.7,296.6,302.1,290.8
2018,3,17,298.3,298.5,295.8,295.3,288,300.5,302.2,300.9,288.6,288,298.3,298.7,298.8,300,295.8,288,288.6,295.3,293.3,300.9,300.5
2018,3,18,289.7,290.2,290.2,292.3,286.8,291.1,299.5,300.4,291,287.9,289.7,289.3,298.5,298.7,290.2,287.9,291,292.3,297.8,300.4,291.1
2018,3,19,294.2,293.5,294.1,294.5,289.7,300.7,302.4,298.9,283.5,294,294.2,294.1,299.5,297.7,294.1,294,283.5,294.5,289.7,298.9,300.7
2018,3,20,282,284.6,298,297.4,283,285.5,291.9,293.2,286.8,291.2,282,281.9,293.1,292.2,298,291.2,286.8,297.4,291.2,293.2,285.5
2018,3,21,284,284.4,301.3,282.3,276.4,287.8,294.2,296.9,290.7,291,284,284,291.3,287.5,301.3,291,290.7,282.3,297.2,296.9,287.8
2018,3,22,289.1,288.1,303.6,287,284.3,291.7,295.9,299,299.2,293.2,289.1,289,291.6,290.2,303.6,293.2,299.2,287,304.3,299,291.7
2018,3,23,290.7,289.5,301.3,289.3,285,296,298.3,300,298.1,289.6,290.7,290.7,295.2,293.5,301.3,289.6,298.1,289.3,304.3,300,296
2018,3,24,292.3,293.5,299.7,286,283.2,299,297.9,301.2,294.7,290.2,292.3,292.3,297.9,299.1,299.7,290.2,294.7,286,299.4,301.2,299
2018,3,25,283.8,292.7,299.1,285.8,284.4,296.4,301.4,300,289.4,289.1,283.8,283.6,300.3,300,299.1,289.1,289.4,285.8,302.8,300,296.4
2018,3,26,289.5,285.8,296.3,287.7,282.8,288,301.4,302.2,299.9,290.5,289.5,289.6,290.4,284.9,296.3,290.5,299.9,287.7,295,302.2,288
2018,3,27,297.2,291.5,293,282.4,283.5,294.2,299.8,301.1,282.4,294,297.2,297,296.4,295,293,294,282.4,282.4,289.9,301.1,294.2
2018,3,28,292.2,294.7,296.3,298.6,296.8,300,299.6,293.2,288.9,297.9,292.2,292,298.8,299.3,296.3,297.9,288.9,298.6,291,293.2,300
2018,3,29,293,291.5,300.2,299.2,300.2,292.1,296,298.9,286.6,300.4,293,293,298.7,298.3,300.2,300.4,286.6,299.2,290.8,298.9,292.1
2018,3,30,289.4,288.9,302.4,293.7,295.2,291.7,295.9,296.4,291.1,302,289.4,289.5,296.2,293.1,302.4,302,291.1,293.7,293,296.4,291.7
2018,3,31,295.1,294.3,303.7,292.8,289.4,295.6,298.8,299.5,296.3,302.5,295.1,295,299,295.7,303.7,302.5,296.3,292.8,301,299.5,295.6
2018,4,1,292.1,296.6,301,298.5,296.7,300.4,299.3,300.2,277.2,301.6,292.1,291.6,297.5,299.5,301,301.6,277.2,298.5,288,300.2,300.4
2018,4,2,292.8,296.7,302.5,301.9,293,299.2,301.1,301.5,292.7,299.2,292.8,292.6,300.7,299.8,302.5,299.2,292.7,301.9,300.9,301.5,299.2
2018,4,3,300.9,300.7,301.6,302.5,296.7,303,302,301.1,293.5,300,300.9,300.5,300.9,301.7,301.6,300,293.5,302.5,291.9,301.1,303
2018,4,4,283.8,287.5,303.6,298.6,299.5,289.5,293.3,294.3,287.8,301.1,283.8,283.7,292.3,291.5,303.6,301.1,287.8,298.6,290.9,294.3,289.5
2018,4,5,289.3,289.1,303.8,291.7,288,292.5,294.5,296.9,294.7,297.9,289.3,289.1,296,295,303.8,297.9,294.7,291.7,301.3,296.9,292.5
2018,4,6,286.9,286,304.1,297.5,296.1,292,298.8,301.3,284.8,296,286.9,286.9,298.3,298.6,304.1,296,284.8,297.5,299.6,301.3,292
2018,4,7,278,279,305.4,291.6,286.3,282.7,289.4,283.2,281.1,296.5,278,277.9,294.1,290.9,305.4,296.5,281.1,291.6,281.4,283.2,282.7
2018,4,8,281.8,285.1,304.2,286,284.2,290,288.9,287.8,283.9,295.1,281.8,281.5,291.2,290.4,304.2,295.1,283.9,286,305.4,287.8,290
2018,4,9,289.6,291.8,304.9,285.4,284.3,293.1,293.9,294.4,290.6,300.1,289.6,289.4,294.7,292.9,304.9,300.1,290.6,285.4,293.5,294.4,293.1
2018,4,10,288.5,292.4,305.2,290.8,287.7,295.7,296.5,296.8,294.4,302.3,288.5,288.2,297.3,295.4,305.2,302.3,294.4,290.8,295.6,296.8,295.7
2018,4,11,294.5,292.9,307.8,292.1,288.5,295.7,298.5,300,301.2,297.4,294.5,294.2,297.6,296.6,307.8,297.4,301.2,292.1,306.8,300,295.7
2018,4,12,301.6,299.9,304.2,297,296.5,300.7,300.3,301.7,303.7,291.4,301.6,301.3,298.7,299.4,304.2,291.4,303.7,297,307.6,301.7,300.7
2018,4,13,299.9,299.8,292.6,299.8,300.4,300.2,300.9,299.8,303,293.8,299.9,299.9,299.8,300.4,292.6,293.8,303,299.8,293.9,299.8,300.2
2018,4,14,291.8,292.7,298.2,301.7,300.8,298,291.3,292.4,280.1,299.8,291.8,291.6,299.8,300.9,298.2,299.8,280.1,301.7,289.3,292.4,298
2018,4,15,280.7,283.3,303.2,300.8,298.3,283.5,290,293.2,286.2,300.9,280.7,280.5,290.6,288.2,303.2,300.9,286.2,300.8,293.7,293.2,283.5
2018,4,16,284.3,284.9,305.2,288.3,290.7,289.1,297,299.5,293.9,290.2,284.3,284.1,293.4,289.2,305.2,290.2,293.9,288.3,304.4,299.5,289.1
2018,4,17,300,298.4,301,293.7,286.5,300.4,300.9,301.5,304.6,290.9,300,299.8,299.1,298.3,301,290.9,304.6,293.7,306.1,301.5,300.4
2018,4,18,298.9,298.3,303.5,303.3,297.3,299.6,300.1,300.7,294.6,293.4,298.9,298.8,301.5,301.7,303.5,293.4,294.6,303.3,293.8,300.7,299.6
2018,4,19,285.8,287,306.1,300.8,295.8,290.1,295.4,297.6,291.2,294.2,285.8,285.7,298.9,296.6,306.1,294.2,291.2,300.8,294.6,297.6,290.1
2018,4,20,294.2,294.5,295.3,293,289.9,295.1,293.4,292.6,293.9,298.7,294.2,294,296.6,295.1,295.3,298.7,293.9,293,293.8,292.6,295.1
2018,4,21,297.4,296.5,301.2,295,290.9,297.9,298.6,294.7,283.5,301.8,297.4,297.3,297.9,297.6,301.2,301.8,283.5,295,288.7,294.7,297.9
2018,4,22,289,290.1,303.5,295.7,293.4,292,293.6,295.2,287.7,304.4,289,288.7,296.2,293,303.5,304.4,287.7,295.7,292.8,295.2,292
2018,4,23,291.4,294,306,291,293.7,292.6,294.4,298.8,296,306,291.4,291.3,296.5,298,306,306,296,291,298.3,298.8,292.6
2018,4,24,291.3,294,307,299.3,290.7,293.4,299.2,302,299.3,305.9,291.3,291.2,295.1,293.3,307,305.9,299.3,299.3,302.6,302,293.4
2018,4,25,296.6,295.5,307.1,297.3,295.6,298,301.6,301.5,284.2,305.2,296.6,296.3,297.3,295.1,307.1,305.2,284.2,297.3,292.2,301.5,298
2018,4,26,290,287.7,306.6,297.9,296,291.1,294.3,297.3,293.6,303.2,290,289.8,295.3,294.1,306.6,303.2,293.6,297.9,299.5,297.3,291.1
2018,4,27,296.4,295.6,305.4,296.4,297.7,296.7,298.1,299.3,295.9,297,296.4,296.3,298,296.3,305.4,297,295.9,296.4,296.2,299.3,296.7
2018,4,28,295.5,298.4,307.4,299.8,299.8,300.1,301.9,301.3,300.9,296.6,295.5,295.4,299.2,299.4,307.4,296.6,300.9,299.8,301.3,301.3,300.1
2018,4,29,293.6,293,306.2,293.6,291.7,296,302.4,301.2,301.5,294.1,293.6,293.3,297.2,296.8,306.2,294.1,301.5,293.6,301.6,301.2,296
2018,4,30,299.2,297.3,302,296.6,295,299.3,302,300,300.6,295.6,299.2,298.9,301.1,299.5,302,295.6,300.6,296.6,303.5,300,299.3
2018,5,1,302.3,300.6,300.8,301,301.2,301.4,301.5,299.6,298.8,295.8,302.3,302,301.5,301.6,300.8,295.8,298.8,301,303.4,299.6,301.4
2018,5,2,303.2,301.6,296.1,301.8,304.2,303,303.7,303.9,302,299.1,303.2,302.9,302.8,302.3,296.1,299.1,302,301.8,303.6,303.9,303
2018,5,3,303,301.5,299.4,302,303.9,303.2,303.3,303.3,300.4,301.9,303,302.7,302.5,302.1,299.4,301.9,300.4,302,300.1,303.3,303.2
2018,5,4,297.6,301,303.9,303,303.7,301.8,301.9,297.8,296.8,304.5,297.6,297.4,302.4,302.7,303.9,304.5,296.8,303,297.7,297.8,301.8
2018,5,5,294.7,297.3,307.1,301.1,299.9,298.2,300.2,300.7,300.7,305.6,294.7,294.6,301.5,300.5,307.1,305.6,300.7,301.1,302.4,300.7,298.2
2018,5,6,302,299.8,310.1,303.9,297.5,302.1,303.7,302.5,304.4,302.7,302,301.9,300,300.9,310.1,302.7,304.4,303.9,305.4,302.5,302.1
2018,5,7,302,301.2,311.1,300.2,291.1,303.5,305.2,304.8,306,304.9,302,301.7,303.6,303.3,311.1,304.9,306,300.2,307.3,304.8,303.5
2018,5,8,302.4,301.1,311.8,299.7,291.2,304.6,305.9,304.5,304.1,306.4,302.4,302.1,304.7,304,311.8,306.4,304.1,299.7,307.5,304.5,304.6
2018,5,9,304,302.7,311.6,301.2,295.8,305.3,305.1,304.2,306.1,303.9,304,303.8,305.1,304.7,311.6,303.9,306.1,301.2,308.1,304.2,305.3
2018,5,10,304.2,304.1,311.5,304.6,301.9,305.1,304.4,304.5,303.5,302.8,304.2,304.1,306.2,305,311.5,302.8,303.5,304.6,310.3,304.5,305.1
2018,5,11,304.2,304.7,310.1,306.2,303.4,305,304.7,304.8,303.4,302.1,304.2,304.1,306.7,305.4,310.1,302.1,303.4,306.2,311.3,304.8,305
2018,5,12,303.8,304.4,307.3,307.5,306.4,305.4,305.6,305.8,304,301.6,303.8,303.7,306.8,306.4,307.3,301.6,304,307.5,310.4,305.8,305.4
2018,5,13,305.8,305.2,305.7,307.5,302.7,306.4,305.6,306.2,304.7,301.6,305.8,305.7,305.8,307.2,305.7,301.6,304.7,307.5,307.9,306.2,306.4
2018,5,14,306.7,306.1,307.8,305.9,305.6,307.5,306.7,305.3,305.9,302.2,306.7,306.3,306.7,306.5,307.8,302.2,305.9,305.9,306.8,305.3,307.5
2018,5,15,307.2,305.4,308.6,300.6,304,307.8,306.4,305.6,299.3,301.7,307.2,306.9,303.9,302.7,308.6,301.7,299.3,300.6,304.4,305.6,307.8
2018,5,16,302.6,302.8,309.3,303,301.3,304.1,307.3,307,301.4,297,302.6,302.1,304.9,300,309.3,297,301.4,303,304.1,307,304.1
2018,5,17,301.3,301,310,297.9,299.3,300.1,307,308.1,303.2,300.5,301.3,300.9,304.5,303,310,300.5,303.2,297.9,308.3,308.1,300.1
2018,5,18,300.5,300.9,305.9,299.5,299.9,302.1,306,307.3,304.6,302.9,300.5,300.4,305.2,303.6,305.9,302.9,304.6,299.5,308,307.3,302.1
2018,5,19,303.9,304.5,307,299.2,299.4,305.7,306.5,306.8,305.3,304.3,303.9,303.8,304.7,305.5,307,304.3,305.3,299.2,304.8,306.8,305.7
2018,5,20,305.1,305.3,307.6,301.6,302.4,306.7,306.5,302,295.6,300.2,305.1,304.8,304.9,304.8,307.6,300.2,295.6,301.6,295.4,302,306.7
2018,5,21,301.7,302.1,308.6,302.7,300.5,303.4,306,303.2,301,300.4,301.7,301.4,301,299.1,308.6,300.4,301,302.7,299.6,303.2,303.4
2018,5,22,302.6,303.2,306.9,303,301.9,303.9,306.7,304.1,304.2,303.2,302.6,302.2,303.8,299.6,306.9,303.2,304.2,303,302.4,304.1,303.9
2018,5,23,304.7,304.4,307.1,302.8,303.7,305.5,306.1,304.5,305,303,304.7,304.5,304.5,302.3,307.1,303,305,302.8,303.5,304.5,305.5
2018,5,24,305.1,305.4,308.8,302.1,302.5,305.6,305,306,305.1,300.8,305.1,304.9,304.7,300.9,308.8,300.8,305.1,302.1,305.3,306,305.6
2018,5,25,302.8,304.3,309.8,302.3,303,303.8,305.9,306,300.3,294.9,302.8,302.7,304.2,300.7,309.8,294.9,300.3,302.3,310.3,306,303.8
2018,5,26,303.6,302.1,309.6,303.8,304.1,303.3,305.3,307.4,306.1,298.8,303.6,303.6,301.4,302.8,309.6,298.8,306.1,303.8,311.1,307.4,303.3
2018,5,27,305.1,302.5,307.6,302.8,304.2,304,304.9,307.5,306.5,302.8,305.1,305,303.1,302.2,307.6,302.8,306.5,302.8,311.3,307.5,304
2018,5,28,303.6,299,308.2,298.5,302.1,303.1,307,307.4,305.7,307.7,303.6,303.4,302.3,301.7,308.2,307.7,305.7,298.5,309,307.4,303.1
2018,5,29,300.3,298.2,309.9,304.1,300.1,303,307.8,308,306.6,310.4,300.3,300,302.9,302,309.9,310.4,306.6,304.1,310.5,308,303
2018,5,30,305.1,301.9,309.9,304.6,302.5,306.9,307.3,307.9,307,305.7,305.1,305,303,300.6,309.9,305.7,307,304.6,313.2,307.9,306.9
2018,5,31,304.4,304.6,310.9,303.9,303.9,306,307.7,308.5,304.7,298.7,304.4,304.3,304.6,303.9,310.9,298.7,304.7,303.9,312.1,308.5,306
2018,6,1,302.1,301.6,310.9,306.8,306.1,306.2,308.3,309,307.6,301.8,302.1,301.9,304.7,305.1,310.9,301.8,307.6,306.8,314.1,309,306.2
2018,6,2,305.5,305.1,313.6,306,304.4,307.8,308.1,309.2,305.3,307.9,305.5,305.2,305.3,304.6,313.6,307.9,305.3,306,307.1,309.2,307.8
2018,6,3,302.2,302.8,314.7,306.3,300.4,305.9,306,309.8,302.8,311.8,302.2,302,303.7,306.8,314.7,311.8,302.8,306.3,303.7,309.8,305.9
2018,6,4,302.5,302.1,312.7,305.3,301.6,304.2,305.6,304.9,301.6,310.1,302.5,302.3,303.7,302.8,312.7,310.1,301.6,305.3,303.2,304.9,304.2
2018,6,5,302.9,301.6,311.7,303.6,301.1,304.1,300.6,309,304.9,305.8,302.9,302.6,299.7,301.6,311.7,305.8,304.9,303.6,311.1,309,304.1
2018,6,6,305.1,304.6,312.2,306.3,299.9,305.8,305.1,308.2,306.7,303.9,305.1,305,304.5,304.5,312.2,303.9,306.7,306.3,310.6,308.2,305.8
2018,6,7,306.3,305.8,312.6,306.4,299.8,307.9,307,308.3,298.3,303.6,306.3,306.1,306.8,306.3,312.6,303.6,298.3,306.4,312,308.3,307.9
2018,6,8,307.3,306,313.2,305.8,303.6,308,307.8,308.1,303.6,305.7,307.3,307,306.5,306.1,313.2,305.7,303.6,305.8,308,308.1,308
2018,6,9,306.5,306.4,310.6,305.5,304.3,307,307,307.3,306.3,302.5,306.5,306.3,305.2,305.3,310.6,302.5,306.3,305.5,308.1,307.3,307
2018,6,10,306.8,305.1,312.4,306.3,304.7,307.2,303.5,308.9,306.5,300.9,306.8,306.5,304.3,304.3,312.4,300.9,306.5,306.3,308.5,308.9,307.2
2018,6,11,306,305.3,313.2,306.8,297.4,303.4,306.5,308.7,306.7,304.8,306,305.8,303.5,304.2,313.2,304.8,306.7,306.8,310.5,308.7,303.4
2018,6,12,305.7,304.2,313.8,296,295.9,305.7,307.2,309.5,303.2,309.3,305.7,305.5,302.1,303.3,313.8,309.3,303.2,296,310.9,309.5,305.7
2018,6,13,303.6,301.4,315.2,303.6,302.7,298.9,307.2,309.4,307.4,311.6,303.6,303.5,302.9,304.1,315.2,311.6,307.4,303.6,307.7,309.4,298.9
2018,6,14,306.1,304.4,313.9,307.6,304,306.4,306.9,308.1,307.2,311,306.1,305.8,301.8,302,313.9,311,307.2,307.6,308.3,308.1,306.4
2018,6,15,307.1,306.4,307.6,307.3,302.9,307.8,307,308.4,306.6,307.4,307.1,307,301.3,303.3,307.6,307.4,306.6,307.3,308,308.4,307.8
2018,6,16,307.5,306.6,298.8,304.9,303.8,308.1,306.8,308.5,305.6,303.3,307.5,307.4,302.2,304.1,298.8,303.3,305.6,304.9,307,308.5,308.1
2018,6,17,307.5,306.4,306,306.8,306.1,306.7,305.3,305,305.6,299.1,307.5,307.2,305.5,300.9,306,299.1,305.6,306.8,301,305,306.7
2018,6,18,306.8,306.1,310,308.4,306,307.2,301.2,305.7,305,303.7,306.8,306.5,305.7,305.8,310,303.7,305,308.4,306.6,305.7,307.2
2018,6,19,305.7,306.5,311.4,309.6,309.8,306.5,302.8,302.7,303.1,308.1,305.7,305.2,307.6,307,311.4,308.1,303.1,309.6,306.2,302.7,306.5
2018,6,20,302.8,304.2,313.9,309.5,306.1,306.2,305,300.6,304,309.3,302.8,302.3,307.2,307.8,313.9,309.3,304,309.5,304.6,300.6,306.2
2018,6,21,303.3,302.5,315.9,308.6,306.1,304.6,304.2,306.2,305.6,308.6,303.3,303.2,306.1,305.9,315.9,308.6,305.6,308.6,308.3,306.2,304.6
2018,6,22,302,302.3,314.3,308.6,304.9,303.9,307.1,308.3,301.8,310.8,302,302,306.3,303.8,314.3,310.8,301.8,308.6,310.8,308.3,303.9
2018,6,23,304.4,300.6,312.9,308.1,305.9,306.2,307.7,307.8,304.5,311.2,304.4,304.3,306.8,305.3,312.9,311.2,304.5,308.1,309.2,307.8,306.2
2018,6,24,305.4,305.8,311.3,309.6,306.6,307.3,307.9,308.2,296.1,310.9,305.4,305.2,306.9,306.9,311.3,310.9,296.1,309.6,314.2,308.2,307.3
2018,6,25,305.9,304.8,312.7,309.4,302.4,307.9,308.1,306.7,302.3,307.4,305.9,305.8,306.8,308.2,312.7,307.4,302.3,309.4,305.4,306.7,307.9
2018,6,26,307.1,306.4,314.3,303,299.7,308.3,308.7,307.8,306.6,310.1,307.1,306.9,307.1,306.8,314.3,310.1,306.6,303,310.3,307.8,308.3
2018,6,27,307,305.6,315.8,304.2,302.7,308,308.9,308.2,308.6,309.7,307,306.6,306,306.8,315.8,309.7,308.6,304.2,311.7,308.2,308
2018,6,28,307.4,305.1,313.7,306.5,305.6,308.7,308.8,308.4,308.4,307,307.4,307.1,307,307.8,313.7,307,308.4,306.5,310.6,308.4,308.7
2018,6,29,305.6,304.6,309.8,307,305.9,307.1,309.2,308.1,307,307.9,305.6,305.6,306.4,306.3,309.8,307.9,307,307,311.4,308.1,307.1
2018,6,30,306.9,306.4,309.4,307,306.8,308.5,309.5,308.6,306.5,310.3,306.9,306.9,305.2,305.5,309.4,310.3,306.5,307,307.8,308.6,308.5
2018,7,1,307.3,305.8,311.1,307.4,307.1,308.2,309.3,308.9,303.4,311.5,307.3,307.3,303.9,303.8,311.1,311.5,303.4,307.4,307.9,308.9,308.2
2018,7,2,307.4,304.6,312.1,307.2,307.9,308.2,309.9,308.9,306.5,309.5,307.4,307.3,303.4,304.2,312.1,309.5,306.5,307.2,305.5,308.9,308.2
2018,7,3,306.2,306.4,311.9,308.3,306.2,306.6,304.8,309.6,308.2,308,306.2,306.1,305.1,306.5,311.9,308,308.2,308.3,308.4,309.6,306.6
2018,7,4,307.9,307.4,311.7,306.4,304.7,307.5,305.8,302.3,305.6,307.2,307.9,307.7,306,305.4,311.7,307.2,305.6,306.4,309.3,302.3,307.5
2018,7,5,307.4,305,312.2,306.7,305.4,307,308,307.8,306.6,308.2,307.4,307.5,304.9,305.2,312.2,308.2,306.6,306.7,304.7,307.8,307
2018,7,6,304.5,305.5,310.5,307.2,306.5,308.1,307,308.4,307.8,311.1,304.5,304.3,305.3,305.7,310.5,311.1,307.8,307.2,304.9,308.4,308.1
2018,7,7,303,303.8,310.7,301.7,298,305.2,306.6,305.5,306.4,311.2,303,303,304.6,304.2,310.7,311.2,306.4,301.7,304.4,305.5,305.2
2018,7,8,303.5,301.8,311.6,303.7,299.6,304.4,304.4,304.2,305.4,311.8,303.5,303.5,302.4,302.8,311.6,311.8,305.4,303.7,304.9,304.2,304.4
2018,7,9,305.1,304.4,307.3,305.4,301,305.5,303.9,303,306.2,309.6,305.1,304.8,305.8,304.9,307.3,309.6,306.2,305.4,305.8,303,305.5
2018,7,10,306.9,306.2,304.1,307.4,305.3,306.7,305.2,306.5,307,310.7,306.9,306.7,306,306.9,304.1,310.7,307,307.4,305.4,306.5,306.7
2018,7,11,307.6,305.5,304.4,309.8,307.4,308,304.4,307.1,307.6,312.1,307.6,307.6,307.1,307.8,304.4,312.1,307.6,309.8,307.4,307.1,308
2018,7,12,307.5,306.9,306.1,309.2,301.9,308.5,307.1,307.7,308.5,312,307.5,307.2,306.7,307.4,306.1,312,308.5,309.2,307.6,307.7,308.5
2018,7,13,308.2,306.4,307.7,303.8,301.9,308.5,308.1,307.7,307.3,311.4,308.2,308.2,307.3,306.9,307.7,311.4,307.3,303.8,307.4,307.7,308.5
2018,7,14,308.2,306.5,305.2,306.1,302.6,308.4,308,307.9,305.1,311.8,308.2,308.3,307.8,305.8,305.2,311.8,305.1,306.1,305.2,307.9,308.4
2018,7,15,307.7,303.7,305.9,307.4,304.5,306.8,307.6,308.5,306.8,312.1,307.7,307.7,306.8,306.4,305.9,312.1,306.8,307.4,307.5,308.5,306.8
2018,7,16,306.6,303.7,307.6,305.7,304.7,306.1,308.7,309.1,307.8,312.4,306.6,306.6,305.2,304,307.6,312.4,307.8,305.7,308.7,309.1,306.1
2018,7,17,306.8,305.2,309.4,307.4,306,307.5,308.2,309.3,307.1,313.1,306.8,306.8,305,305.3,309.4,313.1,307.1,307.4,309.3,309.3,307.5
2018,7,18,305.4,305.8,311.1,306.2,303.2,307.1,305.7,310.2,304.5,313.6,305.4,305.1,306.3,304.8,311.1,313.6,304.5,306.2,312,310.2,307.1
2018,7,19,305.9,305.1,312.5,306.2,302.8,305.1,309,310.7,311.5,313.4,305.9,305.6,306.1,305.3,312.5,313.4,311.5,306.2,313.3,310.7,305.1
2018,7,20,306.9,305.3,312.8,303,302.4,307,309.6,310.9,315.6,312.5,306.9,306.9,305.8,305.6,312.8,312.5,315.6,303,313,310.9,307
2018,7,21,304.9,305.7,311.9,306.1,298.5,308.4,310.1,310.8,309.8,309.9,304.9,305,308.2,306.6,311.9,309.9,309.8,306.1,311.8,310.8,308.4
2018,7,22,302.7,302.6,313.6,306.3,303.8,306.3,310.7,311.8,305.7,310.6,302.7,302.8,306,306.2,313.6,310.6,305.7,306.3,312.7,311.8,306.3
2018,7,23,302.1,302.3,316.9,306.1,301.4,304.1,310.5,313.5,307.1,310.7,302.1,301.8,303.6,302.9,316.9,310.7,307.1,306.1,307.5,313.5,304.1
2018,7,24,304.1,303.8,314.5,304.8,298.4,304.5,307.2,310.1,307,313.1,304.1,304.1,303.8,304.1,314.5,313.1,307,304.8,304.7,310.1,304.5
2018,7,25,305.2,305.3,315.8,303.3,301.2,306.3,308.5,310.1,309,312.5,305.2,305.2,304.2,305.8,315.8,312.5,309,303.3,308.8,310.1,306.3
2018,7,26,305.5,305.5,314.6,306.2,304.5,307.3,309.7,310.5,302.4,313.1,305.5,305.3,306.1,307,314.6,313.1,302.4,306.2,303.2,310.5,307.3
2018,7,27,304.2,304.4,310,306.9,305.6,305.8,310.4,311.1,306.1,312.5,304.2,304.2,307,307.7,310,312.5,306.1,306.9,305.3,311.1,305.8
2018,7,28,303.7,306.4,310.1,307.1,302.5,306.7,308.9,310.7,307.5,312,303.7,303.4,307.3,307.2,310.1,312,307.5,307.1,309.2,310.7,306.7
2018,7,29,304.8,305,312,305.1,302.6,306.2,308.7,311.2,305.4,312.7,304.8,304.7,303.7,307.2,312,312.7,305.4,305.1,310.3,311.2,306.2
2018,7,30,304.1,304.9,312.1,303,300.3,307.8,307.1,310.9,303.1,310.7,304.1,303.8,303.1,305.5,312.1,310.7,303.1,303,301.9,310.9,307.8
2018,7,31,301.7,303.9,310.1,304.1,302.7,303.8,302.9,306.3,301.9,311.7,301.7,301.3,303,303.5,310.1,311.7,301.9,304.1,304.4,306.3,303.8
2018,8,1,302.3,300.7,312.6,304.9,304.1,303.7,305.8,309.2,303.9,312.4,302.3,302.1,299.5,299.1,312.6,312.4,303.9,304.9,307.4,309.2,303.7
2018,8,2,304.6,303.6,311.7,304,303.4,304.7,306.7,309.2,305,311.1,304.6,304.3,300.4,300.5,311.7,311.1,305,304,308.4,309.2,304.7
2018,8,3,306.3,305.5,312.2,301.6,301.7,306.4,308,309.4,306.2,311.1,306.3,306,304.4,304.7,312.2,311.1,306.2,301.6,309.3,309.4,306.4
2018,8,4,307.2,306,313,305,304.4,306.2,304,308.7,307,310.1,307.2,306.8,305.8,305.7,313,310.1,307,305,308.7,308.7,306.2
2018,8,5,306.2,307,313.9,305.8,305.7,307.9,307.8,308.5,308.5,309.3,306.2,305.9,307.2,307.5,313.9,309.3,308.5,305.8,308,308.5,307.9
2018,8,6,307.1,307.4,315.1,306.7,305.6,308.2,306.9,307.8,309,308.6,307.1,306.8,308.4,308.1,315.1,308.6,309,306.7,307,307.8,308.2
2018,8,7,307.3,306.6,313,306.5,306.4,308.5,304.9,309.9,307.4,310.1,307.3,307.2,306.7,306,313,310.1,307.4,306.5,308.4,309.9,308.5
2018,8,8,302.8,305.5,310.1,308,307.1,308.5,307.9,309.3,302.2,311.1,302.8,302.7,306.6,307.4,310.1,311.1,302.2,308,306.1,309.3,308.5
2018,8,9,302.7,303.9,304.9,306.2,305.6,304.5,306.4,309.5,306.1,311.9,302.7,302.2,304.9,306.4,304.9,311.9,306.1,306.2,304.2,309.5,304.5
2018,8,10,304.2,304.1,305.9,306.3,305.9,306.5,305.6,307.9,307.4,312.3,304.2,303.9,305.9,304.1,305.9,312.3,307.4,306.3,302.7,307.9,306.5
2018,8,11,307.4,305.3,306.9,306.4,305,307.6,304.8,305.7,305.9,310.2,307.4,307.1,305.7,303.6,306.9,310.2,305.9,306.4,301.8,305.7,307.6
2018,8,12,305.2,305.7,306.9,306.1,304.5,307.8,307,304.5,302.5,311.4,305.2,305.1,307.1,307.4,306.9,311.4,302.5,306.1,301.9,304.5,307.8
2018,8,13,305.7,304.7,309.4,303.5,302.2,306,307,309.7,298.6,310.1,305.7,305.4,306.4,306.7,309.4,310.1,298.6,303.5,302.9,309.7,306
2018,8,14,305.1,305.9,310.1,306.2,303.2,306.8,307.8,309.3,300.9,308.8,305.1,304.9,305.8,304.4,310.1,308.8,300.9,306.2,306.4,309.3,306.8
2018,8,15,307.3,307.4,307.4,306.6,305.4,308.8,308.3,310.2,303.2,308.3,307.3,306.9,306.2,306.5,307.4,308.3,303.2,306.6,307.6,310.2,308.8
2018,8,16,302.9,306.8,306.9,306.6,305.9,307.7,308.8,310.8,305.9,309.8,302.9,302.7,304.2,304.5,306.9,309.8,305.9,306.6,308.5,310.8,307.7
2018,8,17,303.7,305.5,308.6,306.5,306.5,304.1,308.4,310.8,304.3,311.5,303.7,303.6,304,304.6,308.6,311.5,304.3,306.5,308.8,310.8,304.1
2018,8,18,304.4,303.3,310.3,305.5,304.8,302.2,308.8,311,304.3,312.3,304.4,304.1,303.3,302.9,310.3,312.3,304.3,305.5,300.8,311,302.2
2018,8,19,305.3,304.1,312.4,305,303.4,304.3,308.4,310.8,301.9,312.1,305.3,305.1,301.9,301.6,312.4,312.1,301.9,305,304,310.8,304.3
2018,8,20,302.9,304.1,310.4,306.2,302.8,305.7,309.1,311.4,299.7,310.9,302.9,302.6,303.4,301.4,310.4,310.9,299.7,306.2,303,311.4,305.7
2018,8,21,302,303.4,307.4,304.1,304.2,304.6,308.4,312,302,306.1,302,301.6,305.4,304.3,307.4,306.1,302,304.1,305.6,312,304.6
2018,8,22,302.4,302.1,306.8,306.3,304.4,303.6,306.5,311.9,299.5,306,302.4,301.9,304.9,303.9,306.8,306,299.5,306.3,306.7,311.9,303.6
2018,8,23,301.6,302,302.1,303.9,299.6,303.4,306.8,310.8,306,305.9,301.6,301.2,304.7,303.6,302.1,305.9,306,303.9,308.7,310.8,303.4
2018,8,24,304.7,303.3,306.6,302.8,301.3,305.7,308.5,310.8,308.1,305.4,304.7,304.2,305.9,303.6,306.6,305.4,308.1,302.8,309.2,310.8,305.7
2018,8,25,307.2,305.2,305.3,304.3,302.1,307.4,308.1,310.3,307.9,306.8,307.2,306.9,305.9,304.9,305.3,306.8,307.9,304.3,309.2,310.3,307.4
2018,8,26,307.9,306.4,307.7,306.6,303.5,307.6,308.4,310.6,307.7,307.6,307.9,307.4,306.6,305.8,307.7,307.6,307.7,306.6,308.6,310.6,307.6
2018,8,27,307.7,307.1,308.4,307.2,305.9,307.4,308.3,310.8,307.9,305.6,307.7,307.2,305.8,306.7,308.4,305.6,307.9,307.2,310.5,310.8,307.4
2018,8,28,307.7,307.5,309.1,307.8,306.6,307,307.1,309.8,308.7,304,307.7,307.5,307,307.4,309.1,304,308.7,307.8,309.3,309.8,307
2018,8,29,307.1,306.6,309.8,307.6,306.3,308.1,307.2,308.4,302.4,304.5,307.1,306.6,303.7,305.7,309.8,304.5,302.4,307.6,307.9,308.4,308.1
2018,8,30,306,306.3,309.8,308.8,307.8,306.1,307,309.2,308.6,302.8,306,305.6,302.5,303.5,309.8,302.8,308.6,308.8,308.3,309.2,306.1
2018,8,31,304.5,304.1,309.8,309.1,304.8,305.5,306.2,310,308.6,304.2,304.5,304.4,302.6,303.8,309.8,304.2,308.6,309.1,308.8,310,305.5
2018,9,1,305.5,306.2,303.4,308.5,305.4,306.2,305,309.4,307.9,306.6,305.5,305.4,304.6,305.1,303.4,306.6,307.9,308.5,306.6,309.4,306.2
2018,9,2,306.9,306.8,302.5,308.3,305.6,306.9,300,305.8,306.1,308.9,306.9,307.2,305.1,304.4,302.5,308.9,306.1,308.3,304.7,305.8,306.9
2018,9,3,306.5,306.3,304.6,307.6,305.7,306.6,302.4,303.9,302.5,308.7,306.5,306.5,305.1,305.1,304.6,308.7,302.5,307.6,302.7,303.9,306.6
2018,9,4,307.8,305.9,305.3,307.4,306,306.3,305.9,306.2,300.1,309.3,307.8,307.8,302.2,303.2,305.3,309.3,300.1,307.4,303.4,306.2,306.3
2018,9,5,303.2,302.4,307.4,307.9,306,302.2,306.8,308.3,302.1,310.2,303.2,303.6,299.3,302.6,307.4,310.2,302.1,307.9,302.9,308.3,302.2
2018,9,6,305.6,306.3,305.9,308.7,306.3,305.4,308.3,307.9,302.1,308.8,305.6,305.6,304,304.6,305.9,308.8,302.1,308.7,301.6,307.9,305.4
2018,9,7,306.5,307.1,306,308.5,306.1,306.2,306.6,307.2,298.3,310.1,306.5,306.3,305.5,306.3,306,310.1,298.3,308.5,296.4,307.2,306.2
2018,9,8,305.5,306.2,307.5,308,305.5,306,304.6,307.4,296.2,310,305.5,305.2,305.7,306.5,307.5,310,296.2,308,300.5,307.4,306
2018,9,9,294.7,302.7,309.6,307.1,304,304.4,302.7,299.6,298.2,308.7,294.7,294.6,305.3,305.7,309.6,308.7,298.2,307.1,300.1,299.6,304.4
2018,9,10,294.6,297.4,310.6,307.9,304.4,298.2,299.7,298.6,297.5,308.2,294.6,294.7,304.9,303.3,310.6,308.2,297.5,307.9,301.6,298.6,298.2
2018,9,11,297.7,301.4,309.7,307.1,305.2,301.6,299.5,300.3,300.9,308.3,297.7,297.5,305.2,305.7,309.7,308.3,300.9,307.1,301.5,300.3,301.6
2018,9,12,301.4,305.9,309.6,306.4,304.7,305.4,302.8,302.8,300.7,304.4,301.4,301.4,306.9,306.5,309.6,304.4,300.7,306.4,301.8,302.8,305.4
2018,9,13,306.4,304.6,309.7,303.8,301.3,306.3,306.6,305.1,301,301.9,306.4,306.2,305.8,306.4,309.7,301.9,301,303.8,303,305.1,306.3
2018,9,14,306.2,306.8,311.2,301.7,301.3,307.5,307.3,302.2,304.9,303,306.2,306.1,306.9,307.2,311.2,303,304.9,301.7,303.5,302.2,307.5
2018,9,15,306.4,307,310.7,298,300.8,308,308.1,306.4,302.5,302.6,306.4,306.4,307.9,308,310.7,302.6,302.5,298,301,306.4,308
2018,9,16,305.9,305.4,310.2,300.2,301.2,307.4,308.5,307,305.1,302,305.9,306.1,306.8,306.9,310.2,302,305.1,300.2,302.2,307,307.4
2018,9,17,305.8,305.3,311.2,305.3,302.3,307.3,309.2,307.5,305.7,303.6,305.8,305.6,307.5,308,311.2,303.6,305.7,305.3,302.8,307.5,307.3
2018,9,18,307.1,306.6,310.7,306,303.6,307.8,309.4,307.8,306.7,303.1,307.1,307.1,306.6,307.4,310.7,303.1,306.7,306,303.6,307.8,307.8
2018,9,19,308.2,308,304.1,305.7,303.4,308.4,308.5,307.7,307,304.1,308.2,308,307.2,308.4,304.1,304.1,307,305.7,304.4,307.7,308.4
2018,9,20,308.8,309,304.2,305.6,300.9,308.1,307.2,305,306.3,305.3,308.8,308.6,306.8,308.3,304.2,305.3,306.3,305.6,303.6,305,308.1
2018,9,21,307.5,305.3,306.4,304.3,302,306.9,307,306.5,295.4,308,307.5,307.5,305.8,307,306.4,308,295.4,304.3,293.6,306.5,306.9
2018,9,22,296.5,304.2,304.2,305,303.2,305.8,305.1,300.1,297.5,308.5,296.5,296.1,305.2,307.1,304.2,308.5,297.5,305,297.7,300.1,305.8
2018,9,23,296.1,304.5,304.3,304.4,302.1,305.1,303.6,297.7,294.4,307.5,296.1,295.8,304.6,306.2,304.3,307.5,294.4,304.4,300.4,297.7,305.1
2018,9,24,300.1,302.7,305.9,301.7,300.7,304.6,304.2,303.3,299.2,305.7,300.1,300,303.7,306.1,305.9,305.7,299.2,301.7,303.4,303.3,304.6
2018,9,25,302.1,303.6,306.3,303.9,302.8,303.2,304.4,305.5,304.2,307.1,302.1,302,303.8,304.6,306.3,307.1,304.2,303.9,304.5,305.5,303.2
2018,9,26,296.6,296.5,306,305.3,304,297.9,302.2,304.2,292.2,309,296.6,296.3,304.3,304.2,306,309,292.2,305.3,287.6,304.2,297.9
2018,9,27,293.4,298.6,307.5,304.9,300,299.9,298.3,299,296.5,309.3,293.4,293.1,302.5,301.6,307.5,309.3,296.5,304.9,294.9,299,299.9
2018,9,28,297.5,298.6,307.5,304.2,298.9,296.7,299.1,301.8,297.8,308.7,297.5,297.6,302.8,302.1,307.5,308.7,297.8,304.2,302.6,301.8,296.7
2018,9,29,299.5,302.1,307.5,303.4,300.6,301.2,300.2,298.5,298.8,300.3,299.5,299.4,304.5,304.5,307.5,300.3,298.8,303.4,299.7,298.5,301.2
2018,9,30,303,303.4,308,302.5,299.7,302.8,300.1,302.7,301.2,300.2,303,302.7,305.4,304.5,308,300.2,301.2,302.5,301.7,302.7,302.8
2018,10,1,304,302.1,301.1,303.2,301.3,302.1,304.4,302.2,302.8,304,304,303.8,303.9,303.7,301.1,304,302.8,303.2,299.8,302.2,302.1
2018,10,2,304.3,303.6,304.1,303.3,302.3,304.1,305.4,304.8,303.3,302.8,304.3,304,304.5,304.5,304.1,302.8,303.3,303.3,301.6,304.8,304.1
2018,10,3,304.5,304.2,304.5,304.1,304.1,304.9,306.2,305.7,304.7,296.5,304.5,304.5,304.2,304.9,304.5,296.5,304.7,304.1,305.4,305.7,304.9
2018,10,4,305.7,305,303.5,305.3,305.2,305.8,306.3,305.7,299.5,298.4,305.7,305.5,305.1,305.3,303.5,298.4,299.5,305.3,302,305.7,305.8
2018,10,5,305.5,305.3,302.9,306.5,305.1,305.5,305.9,305.7,304.1,298.3,305.5,305.3,305.4,306.4,302.9,298.3,304.1,306.5,303.8,305.7,305.5
2018,10,6,304.6,304.9,302.3,303.8,301.6,305.2,304.9,305.7,296.8,299.7,304.6,304.6,305,306.1,302.3,299.7,296.8,303.8,291.8,305.7,305.2
2018,10,7,305.3,305.1,295.1,304.5,303.8,305.1,305.2,304.6,297.4,298.7,305.3,305,304.3,304.7,295.1,298.7,297.4,304.5,297.9,304.6,305.1
2018,10,8,304.2,303.7,294.5,303.5,302.2,304.4,305.7,304.8,300.4,299.9,304.2,304.2,304.1,304,294.5,299.9,300.4,303.5,294.4,304.8,304.4
2018,10,9,302.9,301.4,295.5,302.5,302.6,303.5,303.3,303.2,294.3,301.1,302.9,302.7,302.1,303.1,295.5,301.1,294.3,302.5,293.2,303.2,303.5
2018,10,10,301.7,300.3,299,300.7,303.6,303.4,301.6,298.7,289.1,297.7,301.7,301.6,298.7,298.2,299,297.7,289.1,300.7,292.1,298.7,303.4
2018,10,11,292.6,296.1,298.8,299.3,303.1,297.2,298.7,298.4,289.6,296.7,292.6,292.3,301,300.6,298.8,296.7,289.6,299.3,287.5,298.4,297.2
2018,10,12,291.3,294.2,291.9,297,295.6,296.7,299.5,303,289.7,300.5,291.3,291,298.8,297.8,291.9,300.5,289.7,297,294.2,303,296.7
2018,10,13,288.7,293.8,293.7,297.4,293.6,297,302.1,303.5,284.9,302.2,288.7,288.4,300.5,299.4,293.7,302.2,284.9,297.4,291.5,303.5,297
2018,10,14,295.1,300.6,294.7,299.7,293.8,303.8,305,305.2,287.3,300.5,295.1,294.8,303.3,303,294.7,300.5,287.3,299.7,288.2,305.2,303.8
2018,10,15,290.3,300.1,291.7,302.8,301.3,302.9,303.4,285.1,283.3,299.4,290.3,290,304,303.6,291.7,299.4,283.3,302.8,279.2,285.1,302.9
2018,10,16,283.6,287.7,285.6,302.9,292.7,287.9,287.6,286,287.2,300.2,283.6,283.3,303.9,303.9,285.6,300.2,287.2,302.9,281.8,286,287.9
2018,10,17,293.6,294.5,290.4,300.6,294.7,291,289.6,288.5,294.1,301.7,293.6,293.6,299.3,299,290.4,301.7,294.1,300.6,286.6,288.5,291
2018,10,18,291.2,293.6,292.2,293.2,289.9,295.3,296.1,292.4,291.6,301.4,291.2,291.1,300.8,299,292.2,301.4,291.6,293.2,282.2,292.4,295.3
2018,10,19,295.8,297.3,295.9,296.5,292.7,299.8,302.6,296.2,289.1,301.9,295.8,295.7,302.4,299.8,295.9,301.9,289.1,296.5,294.6,296.2,299.8
2018,10,20,292.6,292.1,300.7,297.3,292.4,291.5,294.7,293.5,294.7,303.1,292.6,292.6,302.3,298.4,300.7,303.1,294.7,297.3,292.2,293.5,291.5
2018,10,21,287.8,288,298.6,289.9,287.8,289.5,293.5,295.4,294.1,302.2,287.8,287.6,293.3,291.9,298.6,302.2,294.1,289.9,292.3,295.4,289.5
2018,10,22,292.8,292.9,298,293.2,289.3,293.4,292.5,291.2,294.5,300.9,292.8,292.6,295.6,294.9,298,300.9,294.5,293.2,294,291.2,293.4
2018,10,23,295,293.8,295.9,295.2,294,293.1,291.3,291,294.6,298.5,295,294.9,293.6,294.7,295.9,298.5,294.6,295.2,292.4,291,293.1
2018,10,24,292.1,294.6,298.3,292.6,288.9,295.5,292.6,291.3,287.7,298.6,292.1,291.9,298.3,296.8,298.3,298.6,287.7,292.6,282.4,291.3,295.5
2018,10,25,287.7,289.9,299.2,287.8,286.1,288.3,292,292.3,284.6,299.8,287.7,287.8,293,289.1,299.2,299.8,284.6,287.8,295.2,292.3,288.3
2018,10,26,286.3,287.5,300.3,285.4,290.6,288.3,294.1,297,293,301.1,286.3,286.2,292.5,291.2,300.3,301.1,293,285.4,296.6,297,288.3
2018,10,27,291.1,289.5,300.9,290.4,289.2,292.9,298.1,301.2,298.7,302.4,291.1,290.8,291.7,290.9,300.9,302.4,298.7,290.4,298.6,301.2,292.9
2018,10,28,298,298.6,302.2,292.9,290.7,301.2,302.3,301.8,295.5,300.3,298,297.9,298.4,298.8,302.2,300.3,295.5,292.9,295.4,301.8,301.2
2018,10,29,294.3,294.3,300.5,294.8,292.4,296.4,302,301.7,300.8,295.2,294.3,294.1,299.6,297.2,300.5,295.2,300.8,294.8,300.6,301.7,296.4
2018,10,30,299.9,297.1,299.3,292.1,291.1,300.6,301.8,301.7,295.5,295,299.9,299.7,299.5,297.7,299.3,295,295.5,292.1,290.7,301.7,300.6
2018,10,31,297.5,297.7,294,297.7,294.8,300.9,301.6,297.7,286.2,296.4,297.5,297.4,301.8,300.7,294,296.4,286.2,297.7,281.8,297.7,300.9
2018,11,1,291,293.8,294.6,299.6,297.9,293.1,290.9,292.3,289,298.3,291,291.1,297.2,295.4,294.6,298.3,289,299.6,287.1,292.3,293.1
2018,11,2,287.1,286,295.7,295.9,296,289.1,293.8,296.4,289.2,299.9,287.1,287.3,289.3,288.3,295.7,299.9,289.2,295.9,293.6,296.4,289.1
2018,11,3,290.6,291.7,298.4,292.1,290.5,294.6,297.7,298,293,298,290.6,290.6,295.1,293.8,298.4,298,293,292.1,292.1,298,294.6
2018,11,4,287.2,292,296.3,295.1,291.6,292,292,295.1,287.9,300,287.2,287.2,295.8,294.1,296.3,300,287.9,295.1,288.7,295.1,292
2018,11,5,292.9,295.9,299,294.9,293.6,296.3,299.7,300.3,294.4,298.6,292.9,292.8,300.2,295.7,299,298.6,294.4,294.9,296.4,300.3,296.3
2018,11,6,294.6,294.8,298.5,300.4,299.7,295.8,299.5,302.4,293.5,296.5,294.6,294.6,299.7,298.9,298.5,296.5,293.5,300.4,298,302.4,295.8
2018,11,7,287.9,288.5,298.5,297.4,295.9,288.7,301.4,303.6,288.8,297.3,287.9,288.1,299.9,295,298.5,297.3,288.8,297.4,283.7,303.6,288.7
2018,11,8,288.3,287.3,297.9,293.3,290.4,286.6,290,289.6,280.9,293.7,288.3,288.3,296.5,293.1,297.9,293.7,280.9,293.3,282.8,289.6,286.6
2018,11,9,281.5,285.3,294.6,290.6,290.2,285.5,286,287.7,283.5,295.1,281.5,281.6,299.7,295.9,294.6,295.1,283.5,290.6,284,287.7,285.5
2018,11,10,279.7,280.3,292.5,287.8,286.1,281.7,285.1,282.8,283.8,292.7,279.7,279.5,286.1,285.7,292.5,292.7,283.8,287.8,284.9,282.8,281.7
2018,11,11,285,285.4,293.4,286.5,283.4,285.8,285.9,285.4,282.4,292.2,285,284.9,291.7,290.3,293.4,292.2,282.4,286.5,285.3,285.4,285.8
2018,11,12,282.3,283.9,288.4,284.7,291.5,284.5,286.2,283.4,273.5,294.5,282.3,282.2,293.4,284.7,288.4,294.5,273.5,284.7,272.8,283.4,284.5
2018,11,13,274.6,279.2,285.7,287,289.1,279.3,278.6,276.8,273.4,293.5,274.6,274.5,285.6,285.4,285.7,293.5,273.4,287,278.5,276.8,279.3
2018,11,14,272.9,278.3,286.3,283.5,281.1,275.7,281.1,283.1,278.7,293.5,272.9,272.8,281.5,283.5,286.3,293.5,278.7,283.5,285.8,283.1,275.7
2018,11,15,274.7,274.5,291.3,281.7,288.5,279.6,286.4,289,293.7,292.9,274.7,274.6,281.5,276.9,291.3,292.9,293.7,281.7,293.1,289,279.6
2018,11,16,288.1,288.1,292.4,287.7,285.1,290.8,293.1,293.7,293,293.1,288.1,288,289.3,287.9,292.4,293.1,293,287.7,292.8,293.7,290.8
2018,11,17,293.5,291.4,293.5,290.2,285.5,292,292.9,295.7,290,293.4,293.5,293.5,293.1,292.3,293.5,293.4,290,290.2,282.5,295.7,292
2018,11,18,291.7,290.6,294.1,290.5,287.5,292.4,294.9,286.9,273.2,293.4,291.7,291.6,294.7,293.5,294.1,293.4,273.2,290.5,276.3,286.9,292.4
2018,11,19,282.7,289,293.5,293.6,285.9,287.8,285.3,283.3,285.2,290.6,282.7,282.7,294.6,294.4,293.5,290.6,285.2,293.6,286.8,283.3,287.8
2018,11,20,283,283.1,294.6,292.7,291,285.5,288.7,289.5,286.5,294.7,283,283,289.4,288.8,294.6,294.7,286.5,292.7,285.1,289.5,285.5
2018,11,21,286.7,285.9,294.6,289.1,285.5,285.7,288.7,288.8,289.6,293.2,286.7,286.6,288.9,288,294.6,293.2,289.6,289.1,287.5,288.8,285.7
2018,11,22,290.3,290.2,288.5,286.8,280.1,289.2,291.3,291,291.5,291.8,290.3,290.2,290.1,289.8,288.5,291.8,291.5,286.8,287.8,291,289.2
2018,11,23,286,284.4,290.7,283.3,281.9,285.4,290.4,297,293.3,289.8,286,286.1,288.5,284.4,290.7,289.8,293.3,283.3,292.7,297,285.4
2018,11,24,292.7,289.1,292.9,284.7,288.4,291.1,296.2,297.7,296.2,293.3,292.7,292.6,293.9,288.5,292.9,293.3,296.2,284.7,295.9,297.7,291.1
2018,11,25,290.1,289.9,292.4,288.8,288,290.2,297.8,294.1,281.6,291.8,290.1,290,293.9,289.5,292.4,291.8,281.6,288.8,282.6,294.1,290.2
2018,11,26,275.2,278.2,290.7,293.8,290.6,282.5,286.1,285.7,280.6,292.9,275.2,275.4,284.4,285.4,290.7,292.9,280.6,293.8,284.4,285.7,282.5
2018,11,27,274.3,276.8,292.4,284,282.6,280.3,288,290.3,281.9,294.2,274.3,274.8,283.5,281.5,292.4,294.2,281.9,284,292.4,290.3,280.3
2018,11,28,282,280.7,294.1,282.3,278.8,284.7,291.8,294.1,289.6,287,282,282,287.1,283.9,294.1,287,289.6,282.3,297.6,294.1,284.7
2018,11,29,291,289.8,296.2,286.1,281,293.9,295.9,296.9,289,289.1,291,290.9,293.2,292.4,296.2,289.1,289,286.1,297.9,296.9,293.9
2018,11,30,294.3,290.8,284.6,292.7,286.9,292.1,297.1,298.9,290.2,288.6,294.3,294.5,297.4,296.6,284.6,288.6,290.2,292.7,294,298.9,292.1
2018,12,1,292.3,292.5,289.1,290.6,290.2,297,299.1,297.6,289.1,287,292.3,292.3,295.9,294.3,289.1,287,289.1,290.6,289.6,297.6,297
2018,12,2,291.7,294.6,285.1,296.2,293.9,296.6,297.7,293.5,283.6,285.9,291.7,291.5,297.8,298.1,285.1,285.9,283.6,296.2,283.9,293.5,296.6
2018,12,3,279.6,285.2,286.4,295.1,293.4,287.2,290.5,290.5,273.7,286.5,279.6,280.1,294.6,294.2,286.4,286.5,273.7,295.1,283.2,290.5,287.2
2018,12,4,277.8,280.5,288.6,286.4,282.9,283.2,286.2,287,274.1,286.2,277.8,277.7,286.8,286.2,288.6,286.2,274.1,286.4,282.7,287,283.2
2018,12,5,279.1,278.9,290.2,284.6,277.9,281.5,286,287.9,285.4,286.7,279.1,279.7,283.9,282.8,290.2,286.7,285.4,284.6,284.4,287.9,281.5
2018,12,6,279.5,281.9,291.3,282.9,280.3,283.6,287.3,289.3,281.9,285.8,279.5,279.4,284.5,284.4,291.3,285.8,281.9,282.9,277.3,289.3,283.6
2018,12,7,278.3,280,286.8,284.6,282.4,281,288.2,287.2,274,288.4,278.3,278.1,288.1,285.6,286.8,288.4,274,284.6,273.6,287.2,281
2018,12,8,275.6,279.7,289.6,280,280.2,281.4,283,280.7,275.6,286.5,275.6,275.4,288.3,281.6,289.6,286.5,275.6,280,273.7,280.7,281.4
2018,12,9,275.1,279,290.2,277.5,277.8,278.4,279.3,281.8,280.5,284.5,275.1,274.9,283,279.6,290.2,284.5,280.5,277.5,276.4,281.8,278.4
2018,12,10,277.9,277.3,289.2,277.9,276.3,280.3,284.9,287.1,283.2,282.9,277.9,278,278.6,280,289.2,282.9,283.2,277.9,282.1,287.1,280.3
2018,12,11,283.7,281,289.2,284.6,280.6,283.3,288.1,289.6,289.8,286.5,283.7,283.8,285.8,285.4,289.2,286.5,289.8,284.6,284.3,289.6,283.3
2018,12,12,284.5,283.9,292.4,284.7,282.4,285.9,289.2,292.2,288.6,286.5,284.5,284.5,289.1,287.1,292.4,286.5,288.6,284.7,287.2,292.2,285.9
2018,12,13,288.9,288,288,286.6,285.3,288.4,291.2,295.5,283.9,287.9,288.9,288.8,290.5,289.1,288,287.9,283.9,286.6,280.2,295.5,288.4
2018,12,14,285.4,286.8,288,290,289.1,290.3,284.5,284.4,284.1,287.9,285.4,285.3,293.1,290.1,288,287.9,284.1,290,284.5,284.4,290.3
2018,12,15,282.9,285,285.3,288.5,290.8,284.1,284.3,289.4,286.6,290.2,282.9,283,286.3,285.7,285.3,290.2,286.6,288.5,290.8,289.4,284.1
2018,12,16,288.2,288.6,290.7,290.3,284.8,286.2,290.7,289.6,287.6,293.2,288.2,288,288,287.3,290.7,293.2,287.6,290.3,288.3,289.6,286.2
2018,12,17,288.6,287.3,288,291.9,287.9,286.3,290.7,293,285.9,287.8,288.6,288.6,291.1,291.3,288,287.8,285.9,291.9,284.4,293,286.3
2018,12,18,288.1,286.6,291.3,288.4,282.2,288.8,289.6,289.2,285.7,288.9,288.1,288.1,291.8,291.6,291.3,288.9,285.7,288.4,285.1,289.2,288.8
2018,12,19,288.7,286.2,294.6,287.4,282.7,286.8,284.9,290.1,284.6,288.6,288.7,288.8,289.4,289.7,294.6,288.6,284.6,287.4,290,290.1,286.8
2018,12,20,282.7,283.7,294.2,292.7,292.2,283.8,284.9,289.6,285.8,286.5,282.7,282.6,288.8,286.2,294.2,286.5,285.8,292.7,284.6,289.6,283.8
2018,12,21,277.3,278.6,290,290.5,293.1,279.2,289.6,290.1,286.2,287.3,277.3,277.1,280.7,282,290,287.3,286.2,290.5,293.8,290.1,279.2
2018,12,22,286.9,284.8,291.9,286.7,286.3,287.8,293.8,296.8,286.8,286.5,286.9,286.7,288.4,286.7,291.9,286.5,286.8,286.7,291.1,296.8,287.8
2018,12,23,281.6,285,293,289.4,284.7,290.6,292.8,290.2,282.9,287.8,281.6,281.5,294.5,293.5,293,287.8,282.9,289.4,282.8,290.2,290.6
2018,12,24,283.6,282.7,293,286.6,284.5,285,290.5,291.7,285.6,288.6,283.6,283.6,289.6,287.4,293,288.6,285.6,286.6,291.6,291.7,285
2018,12,25,286.1,282.5,294.5,286.4,281.8,287.2,292.4,295.5,286.3,287.2,286.1,286.1,292.8,290.8,294.5,287.2,286.3,286.4,286.5,295.5,287.2
2018,12,26,286.7,289.8,285,286.5,282.5,290.9,293.6,295.1,287.5,286.3,286.7,286.6,292.1,291.5,285,286.3,287.5,286.5,290.1,295.1,290.9
2018,12,27,288.5,288.2,284.6,291.6,289.4,290.1,293,293.6,283.2,286.3,288.5,288.4,294.5,292.7,284.6,286.3,283.2,291.6,279.8,293.6,290.1
2018,12,28,286.1,290,281.8,296.6,293.1,291.6,290.2,286.6,274.4,284.8,286.1,286.6,293.7,292.3,281.8,284.8,274.4,296.6,271.3,286.6,291.6
2018,12,29,279.7,284.4,280.6,292.3,289.9,284.8,282.9,281,273,285.9,279.7,279.7,293.7,291.6,280.6,285.9,273,292.3,275.9,281,284.8
2018,12,30,290.7,291.7,282.7,289.2,287.2,292.7,295,280.5,277,286.1,290.7,290.5,295.3,292.6,282.7,286.1,277,289.2,279.5,280.5,292.7
2018,12,31,294.7,294.6,282.3,294.9,293.3,296.3,294.5,289.8,282,284.9,294.7,294.6,296.4,297.1,282.3,284.9,282,294.9,285.9,289.8,296.3
